Workbook

Sheet About
A1: SoCEUtiNTY Share of Components Energy Use that is New This Year | B1: California | C1: 46251
A3: Sources: | B3: Share of commercial floorspace that is new
B4: EIA
B5: 2017
B6: Annual Energy Outlook 2017
B7: https://www.eia.gov/outlooks/aeo/excel/aeotab_5.xlsx
B8: 5. Commercial Sector Key Indicators and Consumption
B10: Number of homes
B11: EIA
B12: 2017
B13: Annual Energy Outlook 2017
B14: https://www.eia.gov/outlooks/aeo/excel/aeotab_4.xlsx
B15: 4. Residential Sector Key Indicators and Consumption
B17: Share of homes that are new
B18: EIA
B19: 2017
B20: Residential Demand Module of the National Energy Modeling System: Model Documentation
B21: https://www.eia.gov/outlooks/aeo/nems/documentation/residential/pdf/m067(2017).pdf
B22: Page 56, Existing housing evolution rate
B24: Replacement rate of components in surviving buildings
B25: See bldgs/CL variable
A27: About
A28: This variable is used to estimate the share of BAU component energy use
A29: that is new (i.e. from newly installed components) each year. This includes
A30: both components to serve new buildings (demand growth) and components
A31: to replace retiring components.
A33: The "envelope" value in this variable does not matter, because envelope
A34: does not itself use energy. To avoid confusion, envelope is assigned
A35: a value of zero.
A37: We separately estimate the share of buildings that are new (whose components
A38: are all new) and the share of components in surviving buildings that are
A39: replaced each year. We consider the share of surviving buildings and
A40: new buildings to properly calculate overall component replacement rates.
... A53: 2026-08-17: recalibrated on the 2026-08-03 BCEU vintage. SoCEUtiNTY[bt,bc] = SYCEU_sum / (CL x BCEU_sum(2025)), the value that removes the step in "Retiring Components Potential Energy Use Summed Across Fuels" at t* = 2025 + CL. Full precision (6 significant figures): rounding to 3 decimals would re-introduce a step of up to 0.93%. Jumps remaining in that variable after 2040 come from the BCEU trajectory itself, not from this coefficient. Derivation: state-data-forecast qc/soceutinty_smoothness_calibration.py

Sheet Calibration Helper
A3: When Calibrating, place the current values here (default is 1/component lifetime)
B4: Lifetime (yr) | C4: urban residential | D4: rural residential | E4: commercial
A5: heating | B5: 19 | C5: 0.052631579 | D5: 0.052631579 | E5: 0.052631579
A6: cooling and ventilation | B6: 15.833333 | C6: 0.0625 | D6: 0.0625 | E6: 0.0625
A7: envelope | B7: 51.818182 | C7: 0 | D7: 0 | E7: 0
A8: lighting | B8: 9.1324201 | C8: 0.11111111 | D8: 0.11111111 | E8: 0.11111111
A9: appliances | B9: 13.533333 | C9: 0.071428571 | D9: 0.071428571 | E9: 0.071428571
A10: other component | B10: 15.4 | C10: 0.066666667 | D10: 0.066666667 | E10: 0.066666667
A14: Paste from default run (Retiring Components Potential Energy Use Summed Across Fuels)
A15: Time (Time) | B15: 2019 | C15: 2020 | D15: 2021 | E15: 2022 | F15: 2023 | G15: 2024 | H15: 2025 | I15: 2026 | J15: 2027 | K15: 2028 | L15: 2029 | M15: 2030 | N15: 2031 | O15: 2032 | P15: 2033 | Q15: 2034 | R15: 2035 | S15: 2036 | T15: 2037 | U15: 2038 | V15: 2039 | W15: 2040 | X15: 2041 | Y15: 2042 | Z15: 2043 | AA15: 2044 | AB15: 2045 | AC15: 2046 | AD15: 2047 | AE15: 2048 | AF15: 2049 | AG15: 2050
A16: Retiring Components Potential Energy Use Summed Across Fuels[urban residential,heating] : MostRecentRun | B16: 6.65222 | C16: 6.65222 | D16: 6.65222 | E16: 6.65222 | F16: 6.65222 | G16: 6.65222 | H16: 6.65222 | I16: 6.65222 | J16: 6.65222 | K16: 6.65222 | L16: 6.65222 | M16: 6.65222 | N16: 6.65222 | O16: 6.65222 | P16: 6.65222 | Q16: 6.65222 | R16: 6.65222 | S16: 6.65222 | T16: 6.65222 | U16: 6.49037 | V16: 6.54683 | W16: 6.59368 | X16: 6.6324 | Y16: 6.66331 | Z16: 6.68649 | AA16: 6.70387 | AB16: 6.71764 | AC16: 6.73185 | AD16: 6.74231 | AE16: 6.75137 | AF16: 6.75787 | AG16: 6.769
A17: Retiring Components Potential Energy Use Summed Across Fuels[urban residential,cooling and ventilation] : MostRecentRun | B17: 175.75 | C17: 175.75 | D17: 175.75 | E17: 175.75 | F17: 175.75 | G17: 175.75 | H17: 175.75 | I17: 175.75 | J17: 175.75 | K17: 175.75 | L17: 175.75 | M17: 175.75 | N17: 175.75 | O17: 175.75 | P17: 175.75 | Q17: 175.75 | R17: 165.776 | S17: 157.764 | T17: 150.428 | U17: 143.562 | V17: 137.379 | W17: 131.868 | X17: 126.739 | Y17: 122.735 | Z17: 119.382 | AA17: 116.664 | AB17: 114.559 | AC17: 112.959 | AD17: 111.419 | AE17: 110.409 | AF17: 109.538 | AG17: 108.747
A18: Retiring Components Potential Energy Use Summed Across Fuels[urban residential,envelope] : MostRecentRun | B18: 0 | C18: 0 | D18: 0 | E18: 0 | F18: 0 | G18: 0 | H18: 0 | I18: 0 | J18: 0 | K18: 0 | L18: 0 | M18: 0 | N18: 0 | O18: 0 | P18: 0 | Q18: 0 | R18: 0 | S18: 0 | T18: 0 | U18: 0 | V18: 0 | W18: 0 | X18: 0 | Y18: 0 | Z18: 0 | AA18: 0 | AB18: 0 | AC18: 0 | AD18: 0 | AE18: 0 | AF18: 0 | AG18: 0
A19: Retiring Components Potential Energy Use Summed Across Fuels[urban residential,lighting] : MostRecentRun | B19: 428.264 | C19: 428.264 | D19: 428.264 | E19: 428.264 | F19: 428.264 | G19: 428.264 | H19: 428.264 | I19: 428.264 | J19: 428.264 | K19: 428.264 | L19: 375.801 | M19: 365.754 | N19: 358.497 | O19: 351.45 | P19: 344.796 | Q19: 340.271 | R19: 337.818 | S19: 335.922 | T19: 333.712 | U19: 331.528 | V19: 329.592 | W19: 328.419 | X19: 327.969 | Y19: 327.748 | Z19: 327.258 | AA19: 326.517 | AB19: 324.586 | AC19: 322.297 | AD19: 319.749 | AE19: 317.116 | AF19: 314.516 | AG19: 308.491
A20: Retiring Components Potential Energy Use Summed Across Fuels[urban residential,appliances] : MostRecentRun | B20: 3.28439 | C20: 3.28439 | D20: 3.28439 | E20: 3.28439 | F20: 3.28439 | G20: 3.28439 | H20: 3.28439 | I20: 3.28439 | J20: 3.28439 | K20: 3.28439 | L20: 3.28439 | M20: 3.28439 | N20: 3.28439 | O20: 3.28439 | P20: 2.75582 | Q20: 2.73336 | R20: 2.71285 | S20: 2.69303 | T20: 2.6758 | U20: 2.6614 | V20: 2.65069 | W20: 2.64515 | X20: 2.64312 | Y20: 2.64469 | Z20: 2.649 | AA20: 2.6572 | AB20: 2.6675 | AC20: 2.68026 | AD20: 2.69279 | AE20: 2.70706 | AF20: 2.72154 | AG20: 2.73759
A21: Retiring Components Potential Energy Use Summed Across Fuels[urban residential,other component] : MostRecentRun | B21: 1.45727 | C21: 1.45727 | D21: 1.45727 | E21: 1.45727 | F21: 1.45727 | G21: 1.45727 | H21: 1.45727 | I21: 1.45727 | J21: 1.45727 | K21: 1.45727 | L21: 1.45727 | M21: 1.45727 | N21: 1.45727 | O21: 1.45727 | P21: 1.45727 | Q21: 1.45727 | R21: 1.47158 | S21: 1.48272 | T21: 1.499 | U21: 1.51635 | V21: 1.53606 | W21: 1.55686 | X21: 1.57416 | Y21: 1.5941 | Z21: 1.61603 | AA21: 1.63718 | AB21: 1.65693 | AC21: 1.67707 | AD21: 1.69809 | AE21: 1.72092 | AF21: 1.74595 | AG21: 1.77115
A22: Retiring Components Potential Energy Use Summed Across Fuels[rural residential,heating] : MostRecentRun | B22: 2.82388 | C22: 2.82388 | D22: 2.82388 | E22: 2.82388 | F22: 2.82388 | G22: 2.82388 | H22: 2.82388 | I22: 2.82388 | J22: 2.82388 | K22: 2.82388 | L22: 2.82388 | M22: 2.82388 | N22: 2.82388 | O22: 2.82388 | P22: 2.82388 | Q22: 2.82388 | R22: 2.82388 | S22: 2.82388 | T22: 2.82388 | U22: 2.75517 | V22: 2.77914 | W22: 2.79903 | X22: 2.81546 | Y22: 2.82858 | Z22: 2.83842 | AA22: 2.8458 | AB22: 2.85165 | AC22: 2.85768 | AD22: 2.86212 | AE22: 2.86597 | AF22: 2.86872 | AG22: 2.87345
A23: Retiring Components Potential Energy Use Summed Across Fuels[rural residential,cooling and ventilation] : MostRecentRun | B23: 74.6063 | C23: 74.6063 | D23: 74.6063 | E23: 74.6063 | F23: 74.6063 | G23: 74.6063 | H23: 74.6063 | I23: 74.6063 | J23: 74.6063 | K23: 74.6063 | L23: 74.6063 | M23: 74.6063 | N23: 74.6063 | O23: 74.6063 | P23: 74.6063 | Q23: 74.6063 | R23: 70.3724 | S23: 66.971 | T23: 63.8569 | U23: 60.9422 | V23: 58.3175 | W23: 55.9782 | X23: 53.8007 | Y23: 52.101 | Z23: 50.6779 | AA23: 49.524 | AB23: 48.6304 | AC23: 47.9514 | AD23: 47.2975 | AE23: 46.8686 | AF23: 46.4992 | AG23: 46.1634
A24: Retiring Components Potential Energy Use Summed Across Fuels[rural residential,envelope] : MostRecentRun | B24: 0 | C24: 0 | D24: 0 | E24: 0 | F24: 0 | G24: 0 | H24: 0 | I24: 0 | J24: 0 | K24: 0 | L24: 0 | M24: 0 | N24: 0 | O24: 0 | P24: 0 | Q24: 0 | R24: 0 | S24: 0 | T24: 0 | U24: 0 | V24: 0 | W24: 0 | X24: 0 | Y24: 0 | Z24: 0 | AA24: 0 | AB24: 0 | AC24: 0 | AD24: 0 | AE24: 0 | AF24: 0 | AG24: 0
A25: Retiring Components Potential Energy Use Summed Across Fuels[rural residential,lighting] : MostRecentRun | B25: 181.799 | C25: 181.799 | D25: 181.799 | E25: 181.799 | F25: 181.799 | G25: 181.799 | H25: 181.799 | I25: 181.799 | J25: 181.799 | K25: 181.799 | L25: 159.528 | M25: 155.263 | N25: 152.182 | O25: 149.191 | P25: 146.366 | Q25: 144.446 | R25: 143.404 | S25: 142.599 | T25: 141.661 | U25: 140.734 | V25: 139.912 | W25: 139.414 | X25: 139.223 | Y25: 139.129 | Z25: 138.922 | AA25: 138.607 | AB25: 137.787 | AC25: 136.816 | AD25: 135.734 | AE25: 134.616 | AF25: 133.512 | AG25: 130.955
A26: Retiring Components Potential Energy Use Summed Across Fuels[rural residential,appliances] : MostRecentRun | B26: 1.39423 | C26: 1.39423 | D26: 1.39423 | E26: 1.39423 | F26: 1.39423 | G26: 1.39423 | H26: 1.39423 | I26: 1.39423 | J26: 1.39423 | K26: 1.39423 | L26: 1.39423 | M26: 1.39423 | N26: 1.39423 | O26: 1.39423 | P26: 1.16985 | Q26: 1.16032 | R26: 1.15161 | S26: 1.14319 | T26: 1.13588 | U26: 1.12977 | V26: 1.12522 | W26: 1.12287 | X26: 1.12201 | Y26: 1.12267 | Z26: 1.12451 | AA26: 1.12798 | AB26: 1.13236 | AC26: 1.13777 | AD26: 1.14309 | AE26: 1.14915 | AF26: 1.1553 | AG26: 1.16211
... A33: Retiring Components Potential Energy Use Summed Across Fuels[commercial,other component] : MostRecentRun | B33: 4.07131 | C33: 4.07131 | D33: 4.07131 | E33: 4.07131 | F33: 4.07131 | G33: 4.07131 | H33: 4.07131 | I33: 4.07131 | J33: 4.07131 | K33: 4.07131 | L33: 4.07131 | M33: 4.07131 | N33: 4.07131 | O33: 4.07131 | P33: 4.07131 | Q33: 4.07131 | R33: 4.36156 | S33: 4.36179 | T33: 4.40102 | U33: 4.45525 | V33: 4.51922 | W33: 4.58474 | X33: 4.65651 | Y33: 4.72896 | Z33: 4.80672 | AA33: 4.89033 | AB33: 4.97855 | AC33: 5.0685 | AD33: 5.16242 | AE33: 5.26021 | AF33: 5.3597 | AG33: 5.45881
A34: Calculated yearly change percentage
A35: Retiring Components Potential Energy Use Summed Across Fuels[urban residential,heating] : MostRecentRun | C35: =(C16-B16)/C16 | D35: =(D16-C16)/D16 | E35: =(E16-D16)/E16 | F35: =(F16-E16)/F16 | G35: =(G16-F16)/G16 | H35: =(H16-G16)/H16 | I35: =(I16-H16)/I16 | J35: =(J16-I16)/J16 | ... AG35: =(AG16-AF16)/AG16
A36: Retiring Components Potential Energy Use Summed Across Fuels[urban residential,cooling and ventilation] : MostRecentRun | C36: =(C17-B17)/C17 | D36: =(D17-C17)/D17 | E36: =(E17-D17)/E17 | F36: =(F17-E17)/F17 | G36: =(G17-F17)/G17 | H36: =(H17-G17)/H17 | I36: =(I17-H17)/I17 | J36: =(J17-I17)/J17 | ... AG36: =(AG17-AF17)/AG17
A37: Retiring Components Potential Energy Use Summed Across Fuels[urban residential,envelope] : MostRecentRun | C37: 0 | D37: 0 | E37: 0 | F37: 0 | G37: 0 | H37: 0 | I37: 0 | J37: 0 | K37: 0 | L37: 0 | M37: 0 | N37: 0 | O37: 0 | P37: 0 | Q37: 0 | R37: 0 | S37: 0 | T37: 0 | U37: 0 | V37: 0 | W37: 0 | X37: 0 | Y37: 0 | Z37: 0 | AA37: 0 | AB37: 0 | AC37: 0 | AD37: 0 | AE37: 0 | AF37: 0 | AG37: 0
A38: Retiring Components Potential Energy Use Summed Across Fuels[urban residential,lighting] : MostRecentRun | C38: =(C19-B19)/C19 | D38: =(D19-C19)/D19 | E38: =(E19-D19)/E19 | F38: =(F19-E19)/F19 | G38: =(G19-F19)/G19 | H38: =(H19-G19)/H19 | I38: =(I19-H19)/I19 | J38: =(J19-I19)/J19 | ... AG38: =(AG19-AF19)/AG19
A39: Retiring Components Potential Energy Use Summed Across Fuels[urban residential,appliances] : MostRecentRun | C39: =(C20-B20)/C20 | D39: =(D20-C20)/D20 | E39: =(E20-D20)/E20 | F39: =(F20-E20)/F20 | G39: =(G20-F20)/G20 | H39: =(H20-G20)/H20 | I39: =(I20-H20)/I20 | J39: =(J20-I20)/J20 | ... AG39: =(AG20-AF20)/AG20
A40: Retiring Components Potential Energy Use Summed Across Fuels[urban residential,other component] : MostRecentRun | C40: =(C21-B21)/C21 | D40: =(D21-C21)/D21 | E40: =(E21-D21)/E21 | F40: =(F21-E21)/F21 | G40: =(G21-F21)/G21 | H40: =(H21-G21)/H21 | I40: =(I21-H21)/I21 | J40: =(J21-I21)/J21 | ... AG40: =(AG21-AF21)/AG21
A41: Retiring Components Potential Energy Use Summed Across Fuels[rural residential,heating] : MostRecentRun | C41: =(C22-B22)/C22 | D41: =(D22-C22)/D22 | E41: =(E22-D22)/E22 | F41: =(F22-E22)/F22 | G41: =(G22-F22)/G22 | H41: =(H22-G22)/H22 | I41: =(I22-H22)/I22 | J41: =(J22-I22)/J22 | ... AG41: =(AG22-AF22)/AG22
A42: Retiring Components Potential Energy Use Summed Across Fuels[rural residential,cooling and ventilation] : MostRecentRun | C42: =(C23-B23)/C23 | D42: =(D23-C23)/D23 | E42: =(E23-D23)/E23 | F42: =(F23-E23)/F23 | G42: =(G23-F23)/G23 | H42: =(H23-G23)/H23 | I42: =(I23-H23)/I23 | J42: =(J23-I23)/J23 | ... AG42: =(AG23-AF23)/AG23
A43: Retiring Components Potential Energy Use Summed Across Fuels[rural residential,envelope] : MostRecentRun | C43: 0 | D43: 0 | E43: 0 | F43: 0 | G43: 0 | H43: 0 | I43: 0 | J43: 0 | K43: 0 | L43: 0 | M43: 0 | N43: 0 | O43: 0 | P43: 0 | Q43: 0 | R43: 0 | S43: 0 | T43: 0 | U43: 0 | V43: 0 | W43: 0 | X43: 0 | Y43: 0 | Z43: 0 | AA43: 0 | AB43: 0 | AC43: 0 | AD43: 0 | AE43: 0 | AF43: 0 | AG43: 0
A44: Retiring Components Potential Energy Use Summed Across Fuels[rural residential,lighting] : MostRecentRun | C44: =(C25-B25)/C25 | D44: =(D25-C25)/D25 | E44: =(E25-D25)/E25 | F44: =(F25-E25)/F25 | G44: =(G25-F25)/G25 | H44: =(H25-G25)/H25 | I44: =(I25-H25)/I25 | J44: =(J25-I25)/J25 | ... AG44: =(AG25-AF25)/AG25
A45: Retiring Components Potential Energy Use Summed Across Fuels[rural residential,appliances] : MostRecentRun | C45: =(C26-B26)/C26 | D45: =(D26-C26)/D26 | E45: =(E26-D26)/E26 | F45: =(F26-E26)/F26 | G45: =(G26-F26)/G26 | H45: =(H26-G26)/H26 | I45: =(I26-H26)/I26 | J45: =(J26-I26)/J26 | ... AG45: =(AG26-AF26)/AG26
A46: Retiring Components Potential Energy Use Summed Across Fuels[rural residential,other component] : MostRecentRun | C46: =(C27-B27)/C27 | D46: =(D27-C27)/D27 | E46: =(E27-D27)/E27 | F46: =(F27-E27)/F27 | G46: =(G27-F27)/G27 | H46: =(H27-G27)/H27 | I46: =(I27-H27)/I27 | J46: =(J27-I27)/J27 | ... AG46: =(AG27-AF27)/AG27
A47: Retiring Components Potential Energy Use Summed Across Fuels[commercial,heating] : MostRecentRun | C47: =(C28-B28)/C28 | D47: =(D28-C28)/D28 | E47: =(E28-D28)/E28 | F47: =(F28-E28)/F28 | G47: =(G28-F28)/G28 | H47: =(H28-G28)/H28 | I47: =(I28-H28)/I28 | J47: =(J28-I28)/J28 | ... AG47: =(AG28-AF28)/AG28
A48: Retiring Components Potential Energy Use Summed Across Fuels[commercial,cooling and ventilation] : MostRecentRun | C48: =(C29-B29)/C29 | D48: =(D29-C29)/D29 | E48: =(E29-D29)/E29 | F48: =(F29-E29)/F29 | G48: =(G29-F29)/G29 | H48: =(H29-G29)/H29 | I48: =(I29-H29)/I29 | J48: =(J29-I29)/J29 | ... AG48: =(AG29-AF29)/AG29
A49: Retiring Components Potential Energy Use Summed Across Fuels[commercial,envelope] : MostRecentRun | C49: 0 | D49: 0 | E49: 0 | F49: 0 | G49: 0 | H49: 0 | I49: 0 | J49: 0 | K49: 0 | L49: 0 | M49: 0 | N49: 0 | O49: 0 | P49: 0 | Q49: 0 | R49: 0 | S49: 0 | T49: 0 | U49: 0 | V49: 0 | W49: 0 | X49: 0 | Y49: 0 | Z49: 0 | AA49: 0 | AB49: 0 | AC49: 0 | AD49: 0 | AE49: 0 | AF49: 0 | AG49: 0
A50: Retiring Components Potential Energy Use Summed Across Fuels[commercial,lighting] : MostRecentRun | C50: =(C31-B31)/C31 | D50: =(D31-C31)/D31 | E50: =(E31-D31)/E31 | F50: =(F31-E31)/F31 | G50: =(G31-F31)/G31 | H50: =(H31-G31)/H31 | I50: =(I31-H31)/I31 | J50: =(J31-I31)/J31 | ... AG50: =(AG31-AF31)/AG31
A51: Retiring Components Potential Energy Use Summed Across Fuels[commercial,appliances] : MostRecentRun | C51: =(C32-B32)/C32 | D51: =(D32-C32)/D32 | E51: =(E32-D32)/E32 | F51: =(F32-E32)/F32 | G51: =(G32-F32)/G32 | H51: =(H32-G32)/H32 | I51: =(I32-H32)/I32 | J51: =(J32-I32)/J32 | ... AG51: =(AG32-AF32)/AG32
A52: Retiring Components Potential Energy Use Summed Across Fuels[commercial,other component] : MostRecentRun | C52: =(C33-B33)/C33 | D52: =(D33-C33)/D33 | E52: =(E33-D33)/E33 | F52: =(F33-E33)/F33 | G52: =(G33-F33)/G33 | H52: =(H33-G33)/H33 | I52: =(I33-H33)/I33 | J52: =(J33-I33)/J33 | ... AG52: =(AG33-AF33)/AG33
A55: Ratio Change | B55: urban residential | C55: rural residential | D55: commercial
A56: heating | B56: =U35 | C56: =U41 | D56: =U47
A57: cooling and ventilation | B57: =R36 | C57: =R42 | D57: =R48
A58: envelope | B58: 0 | C58: 0 | D58: 0
A59: lighting | B59: =L38 | C59: =L44 | D59: =L50
A60: appliances | B60: =P39 | C60: =P45 | D60: =P51
A61: other component | B61: =R40 | C61: =R46 | D61: =R52
A63: Calibrated outputs
B64: urban residential | C64: rural residential | D64: commercial
A65: heating | B65: =C5*(1-B56) | C65: =D5*(1-C56) | D65: =E5*(1-D56)
A66: cooling and ventilation | B66: =C6*(1-B57) | C66: =D6*(1-C57) | D66: =E6*(1-D57)
A67: envelope | B67: =C7*(1-B58) | C67: =D7*(1-C58) | D67: =E7*(1-D58)
A68: lighting | B68: =C8*(1-B59) | C68: =D8*(1-C59) | D68: =E8*(1-D59)
A69: appliances | B69: =C9*(1-B60) | C69: =D9*(1-C60) | D69: =E9*(1-D60)
A70: other component | B70: =C10*(1-B61) | C70: =D10*(1-C61) | D70: =E10*(1-D61)
A124: Retiring Components Potential Energy Use Summed Across Fuels[urban residential,heating] : MostRecentRun | B124: =B16/B81 | C124: =C16/C81 | D124: =D16/D81 | E124: =E16/E81 | F124: =F16/F81 | G124: =G16/G81 | H124: =H16/H81 | I124: =I16/I81 | ... AG124: =AG16/AG81
A125: Retiring Components Potential Energy Use Summed Across Fuels[urban residential,cooling and ventilation] : MostRecentRun | B125: =B17/B82 | C125: =C17/C82 | D125: =D17/D82 | E125: =E17/E82 | F125: =F17/F82 | G125: =G17/G82 | H125: =H17/H82 | I125: =I17/I82 | ... AG125: =AG17/AG82
A126: Retiring Components Potential Energy Use Summed Across Fuels[urban residential,envelope] : MostRecentRun | B126: 0 | C126: 0 | D126: 0 | E126: 0 | F126: 0 | G126: 0 | H126: 0 | I126: 0 | J126: 0 | K126: 0 | L126: 0 | M126: 0 | N126: 0 | O126: 0 | P126: 0 | Q126: 0 | R126: 0 | S126: 0 | T126: 0 | U126: 0 | V126: 0 | W126: 0 | X126: 0 | Y126: 0 | Z126: 0 | AA126: 0 | AB126: 0 | AC126: 0 | AD126: 0 | AE126: 0 | AF126: 0 | AG126: =AG18/AG83
A127: Retiring Components Potential Energy Use Summed Across Fuels[urban residential,lighting] : MostRecentRun | B127: =B19/B84 | C127: =C19/C84 | D127: =D19/D84 | E127: =E19/E84 | F127: =F19/F84 | G127: =G19/G84 | H127: =H19/H84 | I127: =I19/I84 | ... AG127: =AG19/AG84
A128: Retiring Components Potential Energy Use Summed Across Fuels[urban residential,appliances] : MostRecentRun | B128: =B20/B85 | C128: =C20/C85 | D128: =D20/D85 | E128: =E20/E85 | F128: =F20/F85 | G128: =G20/G85 | H128: =H20/H85 | I128: =I20/I85 | ... AG128: =AG20/AG85
A129: Retiring Components Potential Energy Use Summed Across Fuels[urban residential,other component] : MostRecentRun | B129: =B21/B86 | C129: =C21/C86 | D129: =D21/D86 | E129: =E21/E86 | F129: =F21/F86 | G129: =G21/G86 | H129: =H21/H86 | I129: =I21/I86 | ... AG129: =AG21/AG86
A130: Retiring Components Potential Energy Use Summed Across Fuels[rural residential,heating] : MostRecentRun | B130: =B22/B87 | C130: =C22/C87 | D130: =D22/D87 | E130: =E22/E87 | F130: =F22/F87 | G130: =G22/G87 | H130: =H22/H87 | I130: =I22/I87 | ... AG130: =AG22/AG87
A131: Retiring Components Potential Energy Use Summed Across Fuels[rural residential,cooling and ventilation] : MostRecentRun | B131: =B23/B88 | C131: =C23/C88 | D131: =D23/D88 | E131: =E23/E88 | F131: =F23/F88 | G131: =G23/G88 | H131: =H23/H88 | I131: =I23/I88 | ... AG131: =AG23/AG88
A132: Retiring Components Potential Energy Use Summed Across Fuels[rural residential,envelope] : MostRecentRun | B132: 0 | C132: 0 | D132: 0 | E132: 0 | F132: 0 | G132: 0 | H132: 0 | I132: 0 | J132: 0 | K132: 0 | L132: 0 | M132: 0 | N132: 0 | O132: 0 | P132: 0 | Q132: 0 | R132: 0 | S132: 0 | T132: 0 | U132: 0 | V132: 0 | W132: 0 | X132: 0 | Y132: 0 | Z132: 0 | AA132: 0 | AB132: 0 | AC132: 0 | AD132: 0 | AE132: 0 | AF132: 0 | AG132: =AG24/AG89
A133: Retiring Components Potential Energy Use Summed Across Fuels[rural residential,lighting] : MostRecentRun | B133: =B25/B90 | C133: =C25/C90 | D133: =D25/D90 | E133: =E25/E90 | F133: =F25/F90 | G133: =G25/G90 | H133: =H25/H90 | I133: =I25/I90 | ... AG133: =AG25/AG90
A134: Retiring Components Potential Energy Use Summed Across Fuels[rural residential,appliances] : MostRecentRun | B134: =B26/B91 | C134: =C26/C91 | D134: =D26/D91 | E134: =E26/E91 | F134: =F26/F91 | G134: =G26/G91 | H134: =H26/H91 | I134: =I26/I91 | ... AG134: =AG26/AG91
A135: Retiring Components Potential Energy Use Summed Across Fuels[rural residential,other component] : MostRecentRun | B135: =B27/B92 | C135: =C27/C92 | D135: =D27/D92 | E135: =E27/E92 | F135: =F27/F92 | G135: =G27/G92 | H135: =H27/H92 | I135: =I27/I92 | ... AG135: =AG27/AG92
A136: Retiring Components Potential Energy Use Summed Across Fuels[commercial,heating] : MostRecentRun | B136: =B28/B93 | C136: =C28/C93 | D136: =D28/D93 | E136: =E28/E93 | F136: =F28/F93 | G136: =G28/G93 | H136: =H28/H93 | I136: =I28/I93 | ... AG136: =AG28/AG93
A137: Retiring Components Potential Energy Use Summed Across Fuels[commercial,cooling and ventilation] : MostRecentRun | B137: =B29/B94 | C137: =C29/C94 | D137: =D29/D94 | E137: =E29/E94 | F137: =F29/F94 | G137: =G29/G94 | H137: =H29/H94 | I137: =I29/I94 | ... AG137: =AG29/AG94
A138: Retiring Components Potential Energy Use Summed Across Fuels[commercial,envelope] : MostRecentRun | B138: 0 | C138: 0 | D138: 0 | E138: 0 | F138: 0 | G138: 0 | H138: 0 | I138: 0 | J138: 0 | K138: 0 | L138: 0 | M138: 0 | N138: 0 | O138: 0 | P138: 0 | Q138: 0 | R138: 0 | S138: 0 | T138: 0 | U138: 0 | V138: 0 | W138: 0 | X138: 0 | Y138: 0 | Z138: 0 | AA138: 0 | AB138: 0 | AC138: 0 | AD138: 0 | AE138: 0 | AF138: 0 | AG138: =AG30/AG95
A139: Retiring Components Potential Energy Use Summed Across Fuels[commercial,lighting] : MostRecentRun | B139: =B31/B96 | C139: =C31/C96 | D139: =D31/D96 | E139: =E31/E96 | F139: =F31/F96 | G139: =G31/G96 | H139: =H31/H96 | I139: =I31/I96 | ... AG139: =AG31/AG96
A140: Retiring Components Potential Energy Use Summed Across Fuels[commercial,appliances] : MostRecentRun | B140: =B32/B97 | C140: =C32/C97 | D140: =D32/D97 | E140: =E32/E97 | F140: =F32/F97 | G140: =G32/G97 | H140: =H32/H97 | I140: =I32/I97 | ... AG140: =AG32/AG97
A141: Retiring Components Potential Energy Use Summed Across Fuels[commercial,other component] : MostRecentRun | B141: =B33/B98 | C141: =C33/C98 | D141: =D33/D98 | E141: =E33/E98 | F141: =F33/F98 | G141: =G33/G98 | H141: =H33/H98 | I141: =I33/I98 | ... AG141: =AG33/AG98

Sheet Component Lifetimes
A1: Building Component | B1: Lifetime (yr)
A2: heating | B2: 19
A3: cooling and ventilation | B3: 15.833333
A4: envelope | B4: 51.818182
A5: lighting | B5: 9.1324201
A6: appliances | B6: 13.533333
A7: other component | B7: 15.4

Sheet AEO T4
B1: ref2017.d120816a | C1: 2015 | D1: 2016 | E1: 2017 | F1: 2018 | G1: 2019 | H1: 2020 | I1: 2021 | J1: 2022 | K1: 2023 | L1: 2024 | M1: 2025 | N1: 2026 | O1: 2027 | P1: 2028 | Q1: 2029 | R1: 2030 | S1: 2031 | T1: 2032 | U1: 2033 | V1: 2034 | W1: 2035 | X1: 2036 | Y1: 2037 | Z1: 2038 | AA1: 2039 | AB1: 2040 | AC1: 2041 | AD1: 2042 | AE1: 2043 | AF1: 2044 | AG1: 2045 | AH1: 2046 | AI1: 2047 | AJ1: 2048 | AK1: 2049 | AL1: 2050
C3: Report | D3: Annual Energy Outlook 2017
C4: Scenario | D4: ref2017 | G4: Reference case
C5: Datekey | D5: d120816a
C6: Release Date | E6: January 2017
A10: RKI000 | B10: 4. Residential Sector Key Indicators and Consumption
B11: (quadrillion Btu, unless otherwise noted)
AM12: 2016-
B13: Key Indicators and Consumption | C13: 2015 | D13: 2016 | E13: 2017 | F13: 2018 | G13: 2019 | H13: 2020 | I13: 2021 | J13: 2022 | K13: 2023 | L13: 2024 | M13: 2025 | N13: 2026 | O13: 2027 | P13: 2028 | Q13: 2029 | R13: 2030 | S13: 2031 | T13: 2032 | U13: 2033 | V13: 2034 | W13: 2035 | X13: 2036 | Y13: 2037 | Z13: 2038 | AA13: 2039 | AB13: 2040 | AC13: 2041 | AD13: 2042 | AE13: 2043 | AF13: 2044 | AG13: 2045 | AH13: 2046 | AI13: 2047 | AJ13: 2048 | AK13: 2049 | AL13: 2050 | AM13: 2050
B15: Key Indicators
B16: Households (millions)
A17: RKI000:ba_Single-Family | B17: Single-Family | C17: 80.548882 | D17: 81.10302 | E17: 81.82338 | F17: 82.645271 | G17: 83.465591 | H17: 84.301651 | I17: 85.147186 | J17: 86.01313 | K17: 86.889809 | L17: 87.77227 | M17: 88.648026 | N17: 89.503479 | O17: 90.324585 | P17: 91.099731 | Q17: 91.856583 | R17: 92.619987 | S17: 93.361687 | T17: 94.051025 | U17: 94.733063 | V17: 95.449333 | W17: 96.199455 | X17: 96.957245 | Y17: 97.713737 | Z17: 98.475151 | AA17: 99.23101 | AB17: 99.989937 | AC17: 100.75047 | AD17: 101.50308 | AE17: 102.26664 | AF17: 103.0535 | AG17: 103.86337 | AH17: 104.68725 | AI17: 105.51291 | AJ17: 106.32539 | AK17: 107.12827 | AL17: 107.92848 | AM17: 0.00844
A18: RKI000:ba_Multifamily | B18: Multifamily | C18: 28.870884 | D18: 29.110094 | E18: 29.380239 | F18: 29.680817 | G18: 30.01416 | H18: 30.373581 | I18: 30.756231 | J18: 31.153685 | K18: 31.553375 | L18: 31.957239 | M18: 32.351425 | N18: 32.732346 | O18: 33.110371 | P18: 33.49255 | Q18: 33.875225 | R18: 34.257374 | S18: 34.636684 | T18: 35.013767 | U18: 35.396408 | V18: 35.785557 | W18: 36.181156 | X18: 36.573303 | Y18: 36.961632 | Z18: 37.346928 | AA18: 37.722347 | AB18: 38.090382 | AC18: 38.449062 | AD18: 38.806965 | AE18: 39.162479 | AF18: 39.514824 | AG18: 39.860397 | AH18: 40.201298 | AI18: 40.538223 | AJ18: 40.868778 | AK18: 41.197083 | AL18: 41.520844 | AM18: 0.010499
A19: RKI000:ba_MobileHomes | B19: Mobile Homes | C19: 5.965145 | D19: 5.842867 | E19: 5.742257 | F19: 5.664587 | G19: 5.591901 | H19: 5.524901 | I19: 5.472419 | J19: 5.436611 | K19: 5.408078 | L19: 5.385289 | M19: 5.3637 | N19: 5.333962 | O19: 5.294229 | P19: 5.248191 | Q19: 5.200993 | R19: 5.152752 | S19: 5.102839 | T19: 5.051295 | U19: 5.002883 | V19: 4.961352 | W19: 4.926433 | X19: 4.895687 | Y19: 4.867416 | Z19: 4.845345 | AA19: 4.827591 | AB19: 4.811014 | AC19: 4.794406 | AD19: 4.778117 | AE19: 4.760415 | AF19: 4.740447 | AG19: 4.715725 | AH19: 4.68894 | AI19: 4.660537 | AJ19: 4.629189 | AK19: 4.597032 | AL19: 4.56343 | AM19: -0.007243
A20: RKI000:ba_Total | B20: Total | C20: 115.38492 | D20: 116.05598 | E20: 116.94588 | F20: 117.99068 | G20: 119.07166 | H20: 120.20013 | I20: 121.37584 | J20: 122.60342 | K20: 123.85126 | L20: 125.1148 | M20: 126.36315 | N20: 127.56979 | O20: 128.72919 | P20: 129.84047 | Q20: 130.9328 | R20: 132.03012 | S20: 133.10121 | T20: 134.11609 | U20: 135.13235 | V20: 136.19624 | W20: 137.30705 | X20: 138.42624 | Y20: 139.54279 | Z20: 140.66744 | AA20: 141.78095 | AB20: 142.89134 | AC20: 143.99393 | AD20: 145.08817 | AE20: 146.18955 | AF20: 147.30878 | AG20: 148.43948 | AH20: 149.57748 | AI20: 150.71167 | AJ20: 151.82336 | AK20: 152.92238 | AL20: 154.01276 | AM20: 0.008357
A22: RKI000:ca_AverageHouseS | B22: Average House Square Footage | C22: 1695.0878 | D22: 1703.2651 | E22: 1711.6783 | F22: 1720.0626 | G22: 1728.099 | H22: 1735.8943 | I22: 1743.3932 | J22: 1750.6895 | K22: 1757.9084 | L22: 1765.0195 | M22: 1772.1107 | N22: 1779.2067 | O22: 1786.1916 | P22: 1792.9419 | Q22: 1799.5736 | R22: 1806.2012 | S22: 1812.7317 | T22: 1819.0262 | U22: 1825.199 | V22: 1831.3966 | W22: 1837.626 | X22: 1843.8593 | Y22: 1850.0693 | Z22: 1856.2556 | AA22: 1862.4346 | AB22: 1868.646 | AC22: 1874.9025 | AD22: 1881.1038 | AE22: 1887.3536 | AF22: 1893.7168 | AG22: 1900.2357 | AH22: 1906.8367 | AI22: 1913.4568 | AJ22: 1920.0542 | AK22: 1926.6034 | AL22: 1933.1583 | AM22: 0.003731
B24: Energy Intensity
B25: (million Btu per household)
A26: RKI000:da_DeliveredEner | B26: Delivered Energy Consumption | C26: 95.092171 | D26: 91.514305 | E26: 93.235954 | F26: 93.20533 | G26: 92.119431 | H26: 90.596268 | I26: 89.305229 | J26: 88.062706 | K26: 86.945023 | L26: 85.989021 | M26: 85.068665 | N26: 84.170921 | O26: 83.288025 | P26: 82.493507 | Q26: 81.758041 | R26: 81.003342 | S26: 80.306366 | T26: 79.661469 | U26: 79.07061 | V26: 78.507645 | W26: 77.900688 | X26: 77.31575 | Y26: 76.757065 | Z26: 76.239441 | AA26: 75.742729 | AB26: 75.246231 | AC26: 74.741257 | AD26: 74.238434 | AE26: 73.729492 | AF26: 73.223419 | AG26: 72.72551 | AH26: 72.229294 | AI26: 71.727997 | AJ26: 71.198563 | AK26: 70.677345 | AL26: 70.151375 | AM26: -0.007788
A27: RKI000:da_TotalEnergyCo | B27: Total Energy Consumption | C27: 178.03015 | D27: 172.3932 | E27: 173.36307 | F27: 172.74106 | G27: 171.11243 | H27: 168.35864 | I27: 165.76492 | J27: 163.26141 | K27: 161.14697 | L27: 159.12972 | M27: 157.0602 | N27: 154.86238 | O27: 153.01291 | P27: 151.35422 | Q27: 149.92725 | R27: 148.44684 | S27: 147.19064 | T27: 145.94107 | U27: 145.06276 | V27: 143.89093 | W27: 142.56427 | X27: 141.70538 | Y27: 140.52081 | Z27: 139.61462 | AA27: 138.74222 | AB27: 137.95392 | AC27: 137.00166 | AD27: 136.08182 | AE27: 135.21374 | AF27: 134.20184 | AG27: 133.0312 | AH27: 131.96632 | AI27: 130.84097 | AJ27: 129.76594 | AK27: 128.76866 | AL27: 127.43207 | AM27: -0.008849
B28: (thousand Btu per square foot)
A29: RKI000:ea_DeliveredEner | B29: Delivered Energy Consumption | C29: 56.098671 | D29: 53.728748 | E29: 54.470486 | F29: 54.187172 | G29: 53.306805 | H29: 52.189968 | I29: 51.224949 | J29: 50.301727 | K29: 49.459358 | L29: 48.718452 | M29: 48.004147 | N29: 47.308121 | O29: 46.62883 | P29: 46.010139 | Q29: 45.431896 | R29: 44.847355 | S29: 44.301296 | T29: 43.793468 | U29: 43.32164 | V29: 42.867638 | W29: 42.392025 | X29: 41.93148 | Y29: 41.48875 | Z29: 41.071629 | AA29: 40.668667 | AB29: 40.267784 | AC29: 39.864079 | AD29: 39.465355 | AE29: 39.06501 | AF29: 38.666508 | AG29: 38.271835 | AH29: 37.87912 | AI29: 37.48608 | AJ29: 37.081539 | AK29: 36.684948 | AL29: 36.288479 | AM29: -0.011476
A30: RKI000:ea_TotalEnergyCo | B30: Total Energy Consumption | C30: 105.0271 | D30: 101.21337 | E30: 101.2825 | F30: 100.42718 | G30: 99.017723 | H30: 96.986687 | I30: 95.081779 | J30: 93.255501 | K30: 91.669716 | L30: 90.157478 | M30: 88.628883 | N30: 87.040131 | O30: 85.66433 | P30: 84.416687 | Q30: 83.312653 | R30: 82.187325 | S30: 81.19825 | T30: 80.230324 | U30: 79.477783 | V30: 78.568962 | W30: 77.580673 | X30: 76.852608 | Y30: 75.954346 | Z30: 75.213036 | AA30: 74.495087 | AB30: 73.825607 | AC30: 73.07135 | AD30: 72.341469 | AE30: 71.641975 | AF30: 70.866905 | AG30: 70.007744 | AH30: 69.20694 | AI30: 68.379372 | AJ30: 67.584518 | AK30: 66.837143 | AL30: 65.919106 | AM30: -0.012533
B32: Delivered Energy Consumption by Fuel
B33: Purchased Electricity
A34: RKI000:fa_SpaceHeating | B34: Space Heating | C34: 0.331095 | D34: 0.327905 | E34: 0.349864 | F34: 0.360698 | G34: 0.359427 | H34: 0.35678 | I34: 0.354556 | J34: 0.351704 | K34: 0.349147 | L34: 0.347889 | M34: 0.346378 | N34: 0.344521 | O34: 0.342983 | P34: 0.341653 | Q34: 0.340396 | R34: 0.339176 | S34: 0.337991 | T34: 0.336796 | U34: 0.335669 | V34: 0.334739 | W34: 0.333526 | X34: 0.332407 | Y34: 0.331335 | Z34: 0.330215 | AA34: 0.329147 | AB34: 0.328134 | AC34: 0.327134 | AD34: 0.32601 | AE34: 0.324843 | AF34: 0.323649 | AG34: 0.322493 | AH34: 0.321251 | AI34: 0.320117 | AJ34: 0.318898 | AK34: 0.31769 | AL34: 0.3165 | AM34: -0.001041
A35: RKI000:fa_SpaceCooling | B35: Space Cooling | C35: 0.794241 | D35: 0.843365 | E35: 0.734594 | F35: 0.76137 | G35: 0.762741 | H35: 0.761492 | I35: 0.761669 | J35: 0.760511 | K35: 0.760795 | L35: 0.763733 | M35: 0.766355 | N35: 0.769149 | O35: 0.772869 | P35: 0.777587 | Q35: 0.782814 | R35: 0.787987 | S35: 0.794111 | T35: 0.799816 | U35: 0.805894 | V35: 0.812054 | W35: 0.81797 | X35: 0.823585 | Y35: 0.828776 | Z35: 0.834249 | AA35: 0.839338 | AB35: 0.843899 | AC35: 0.848227 | AD35: 0.852276 | AE35: 0.855443 | AF35: 0.858159 | AG35: 0.860597 | AH35: 0.862771 | AI35: 0.864408 | AJ35: 0.86468 | AK35: 0.864275 | AL35: 0.863426 | AM35: 0.000692
A36: RKI000:fa_WaterHeating | B36: Water Heating | C36: 0.450959 | D36: 0.455588 | E36: 0.459874 | F36: 0.463842 | G36: 0.466237 | H36: 0.466061 | I36: 0.466631 | J36: 0.466397 | K36: 0.466415 | L36: 0.467595 | M36: 0.468658 | N36: 0.46926 | O36: 0.470007 | P36: 0.470921 | Q36: 0.471731 | R36: 0.472078 | S36: 0.472246 | T36: 0.472215 | U36: 0.471744 | V36: 0.470985 | W36: 0.469734 | X36: 0.468383 | Y36: 0.467286 | Z36: 0.466714 | AA36: 0.466841 | AB36: 0.467631 | AC36: 0.46911 | AD36: 0.470964 | AE36: 0.472968 | AF36: 0.475037 | AG36: 0.477081 | AH36: 0.479117 | AI36: 0.481072 | AJ36: 0.482834 | AK36: 0.484493 | AL36: 0.486022 | AM36: 0.001904
A37: RKI000:fa_Refrigeration | B37: Refrigeration | C37: 0.355201 | D37: 0.35081 | E37: 0.346875 | F37: 0.343662 | G37: 0.340835 | H37: 0.338432 | I37: 0.336455 | J37: 0.334212 | K37: 0.332347 | L37: 0.330892 | M37: 0.329846 | N37: 0.329135 | O37: 0.328747 | P37: 0.328678 | Q37: 0.329 | R37: 0.32979 | S37: 0.330945 | T37: 0.332402 | U37: 0.334299 | V37: 0.336792 | W37: 0.339898 | X37: 0.343507 | Y37: 0.347132 | Z37: 0.350793 | AA37: 0.354434 | AB37: 0.358071 | AC37: 0.361684 | AD37: 0.365255 | AE37: 0.368825 | AF37: 0.37242 | AG37: 0.376024 | AH37: 0.379613 | AI37: 0.383152 | AJ37: 0.386586 | AK37: 0.389937 | AL37: 0.39322 | AM37: 0.003362
A38: RKI000:fa_Cooking | B38: Cooking | C38: 0.107912 | D38: 0.108876 | E38: 0.110093 | F38: 0.111487 | G38: 0.112918 | H38: 0.1144 | I38: 0.115934 | J38: 0.117524 | K38: 0.119134 | L38: 0.120757 | M38: 0.122359 | N38: 0.123909 | O38: 0.1254 | P38: 0.126833 | Q38: 0.128242 | R38: 0.129656 | S38: 0.131037 | T38: 0.132353 | U38: 0.133671 | V38: 0.135043 | W38: 0.13647 | X38: 0.137907 | Y38: 0.13934 | Z38: 0.140783 | AA38: 0.142213 | AB38: 0.143639 | AC38: 0.145055 | AD38: 0.146462 | AE38: 0.147877 | AF38: 0.149312 | AG38: 0.150759 | AH38: 0.152214 | AI38: 0.153665 | AJ38: 0.155088 | AK38: 0.156497 | AL38: 0.157896 | AM38: 0.010993
A39: RKI000:fa_ClothesDryers | B39: Clothes Dryers | C39: 0.204635 | D39: 0.206883 | E39: 0.209296 | F39: 0.212039 | G39: 0.214057 | H39: 0.215143 | I39: 0.216217 | J39: 0.21703 | K39: 0.218042 | L39: 0.219747 | M39: 0.221473 | N39: 0.223056 | O39: 0.224778 | P39: 0.226697 | Q39: 0.228736 | R39: 0.230917 | S39: 0.233149 | T39: 0.235399 | U39: 0.23778 | V39: 0.24031 | W39: 0.242833 | X39: 0.245391 | Y39: 0.248003 | Z39: 0.250667 | AA39: 0.253331 | AB39: 0.256003 | AC39: 0.258678 | AD39: 0.261266 | AE39: 0.263761 | AF39: 0.266211 | AG39: 0.268628 | AH39: 0.271044 | AI39: 0.273422 | AJ39: 0.275691 | AK39: 0.277913 | AL39: 0.280083 | AM39: 0.00895
A40: RKI000:fa_Freezers | B40: Freezers | C40: 0.07543 | D40: 0.074619 | E40: 0.073888 | F40: 0.073192 | G40: 0.072462 | H40: 0.071706 | I40: 0.070935 | J40: 0.070168 | K40: 0.069453 | L40: 0.068787 | M40: 0.068159 | N40: 0.067552 | O40: 0.066966 | P40: 0.0664 | Q40: 0.065872 | R40: 0.065407 | S40: 0.064986 | T40: 0.064596 | U40: 0.064264 | V40: 0.064015 | W40: 0.063865 | X40: 0.063791 | Y40: 0.0638 | Z40: 0.063906 | AA40: 0.064104 | AB40: 0.064395 | AC40: 0.064768 | AD40: 0.065146 | AE40: 0.065538 | AF40: 0.065951 | AG40: 0.066383 | AH40: 0.06683 | AI40: 0.067283 | AJ40: 0.067733 | AK40: 0.068182 | AL40: 0.068633 | AM40: -0.002456
A41: RKI000:fa_Lighting | B41: Lighting | C41: 0.448123 | D41: 0.441566 | E41: 0.435892 | F41: 0.434207 | G41: 0.424534 | H41: 0.373465 | I41: 0.342323 | J41: 0.318797 | K41: 0.303977 | L41: 0.294402 | M41: 0.287885 | N41: 0.282972 | O41: 0.279133 | P41: 0.276178 | Q41: 0.273961 | R41: 0.264825 | S41: 0.25764 | T41: 0.252522 | U41: 0.249772 | V41: 0.249398 | W41: 0.249332 | X41: 0.249677 | Y41: 0.250358 | Z41: 0.251256 | AA41: 0.252238 | AB41: 0.248426 | AC41: 0.245436 | AD41: 0.243001 | AE41: 0.241185 | AF41: 0.240336 | AG41: 0.240358 | AH41: 0.2406 | AI41: 0.240962 | AJ41: 0.241355 | AK41: 0.241794 | AL41: 0.242266 | AM41: -0.017501
A42: RKI000:fa_ClothesWasher | B42: Clothes Washers 1/ | C42: 0.026497 | D42: 0.025667 | E42: 0.024887 | F42: 0.023776 | G42: 0.02266 | H42: 0.021433 | I42: 0.020162 | J42: 0.019082 | K42: 0.018184 | L42: 0.017458 | M42: 0.016899 | N42: 0.016508 | O42: 0.016292 | P42: 0.016259 | Q42: 0.016195 | R42: 0.016114 | S42: 0.01603 | T42: 0.015958 | U42: 0.015923 | V42: 0.015941 | W42: 0.016011 | X42: 0.016119 | Y42: 0.016252 | Z42: 0.0164 | AA42: 0.016553 | AB42: 0.016707 | AC42: 0.016862 | AD42: 0.017015 | AE42: 0.01717 | AF42: 0.017327 | AG42: 0.017485 | AH42: 0.017645 | AI42: 0.017804 | AJ42: 0.01796 | AK42: 0.018114 | AL42: 0.018267 | AM42: -0.009953
A43: RKI000:fa_Dishwashers | B43: Dishwashers 1/ | C43: 0.094424 | D43: 0.094505 | E43: 0.094796 | F43: 0.095229 | G43: 0.095648 | H43: 0.096045 | I43: 0.09644 | J43: 0.097098 | K43: 0.098031 | L43: 0.099282 | M43: 0.100798 | N43: 0.102534 | O43: 0.104483 | P43: 0.106602 | Q43: 0.108585 | R43: 0.110437 | S43: 0.112132 | T43: 0.11367 | U43: 0.115158 | V43: 0.116683 | W43: 0.118256 | X43: 0.119853 | Y43: 0.121467 | Z43: 0.123111 | AA43: 0.124761 | AB43: 0.126427 | AC43: 0.128099 | AD43: 0.129763 | AE43: 0.13143 | AF43: 0.133109 | AG43: 0.134785 | AH43: 0.136453 | AI43: 0.138095 | AJ43: 0.139687 | AK43: 0.141238 | AL43: 0.142754 | AM43: 0.012205
A44: RKI000:fa_ColorTelevisi | B44: Televisions and Related Equipment 2/ | C44: 0.288212 | D44: 0.282494 | E44: 0.2774 | F44: 0.273162 | G44: 0.26852 | H44: 0.263822 | I44: 0.259875 | J44: 0.256199 | K44: 0.253304 | L44: 0.251986 | M44: 0.251491 | N44: 0.251538 | O44: 0.252468 | P44: 0.25441 | Q44: 0.257082 | R44: 0.260393 | S44: 0.264374 | T44: 0.268873 | U44: 0.273967 | V44: 0.279572 | W44: 0.285348 | X44: 0.291337 | Y44: 0.297421 | Z44: 0.303437 | AA44: 0.309231 | AB44: 0.314683 | AC44: 0.317851 | AD44: 0.320415 | AE44: 0.322613 | AF44: 0.324784 | AG44: 0.326932 | AH44: 0.329083 | AI44: 0.331172 | AJ44: 0.333129 | AK44: 0.335039 | AL44: 0.336865 | AM44: 0.005191
A45: RKI000:fa_PersonalCompu | B45: Computers and Related Equipment 3/ | C45: 0.111117 | D45: 0.107827 | E45: 0.104646 | F45: 0.101712 | G45: 0.098496 | H45: 0.095143 | I45: 0.091913 | J45: 0.088654 | K45: 0.085554 | L45: 0.082878 | M45: 0.08035 | N45: 0.077899 | O45: 0.07563 | P45: 0.073536 | Q45: 0.071573 | R45: 0.069687 | S45: 0.067884 | T45: 0.066139 | U45: 0.064451 | V45: 0.062801 | W45: 0.06113 | X45: 0.059417 | Y45: 0.057759 | Z45: 0.056146 | AA45: 0.054541 | AB45: 0.052936 | AC45: 0.051434 | AD45: 0.049901 | AE45: 0.048327 | AF45: 0.046734 | AG45: 0.045077 | AH45: 0.043361 | AI45: 0.041551 | AJ45: 0.039626 | AK45: 0.03757 | AL45: 0.035389 | AM45: -0.032238
... A48: RKI000:fa_DeliveredEner | B48: Delivered Energy | C48: 4.776403 | D48: 4.810625 | E48: 4.780662 | F48: 4.835242 | G48: 4.828907 | H48: 4.773632 | I48: 4.744377 | J48: 4.719576 | K48: 4.706628 | L48: 4.710382 | M48: 4.717607 | N48: 4.724288 | O48: 4.736067 | P48: 4.754208 | Q48: 4.773802 | R48: 4.784884 | S48: 4.799917 | T48: 4.817743 | U48: 4.841113 | V48: 4.869628 | W48: 4.898304 | X48: 4.927637 | Y48: 4.957467 | Z48: 4.989327 | AA48: 5.020275 | AB48: 5.045135 | AC48: 5.065891 | AD48: 5.086051 | AE48: 5.104714 | AF48: 5.122814 | AG48: 5.140799 | AH48: 5.157453 | AI48: 5.17076 | AJ48: 5.179155 | AK48: 5.18572 | AL48: 5.189838 | AM48: 0.002234
B50: Natural Gas
A51: RKI000:ga_SpaceHeating | B51: Space Heating | C51: 3.018605 | D51: 2.81811 | E51: 3.022673 | F51: 3.069636 | G51: 3.05641 | H51: 3.045718 | I51: 3.036772 | J51: 3.030123 | K51: 3.024146 | L51: 3.018647 | M51: 3.01191 | N51: 3.003914 | O51: 2.991818 | P51: 2.979888 | Q51: 2.969606 | R51: 2.962548 | S51: 2.956111 | T51: 2.949076 | U51: 2.943504 | V51: 2.938931 | W51: 2.931776 | X51: 2.925297 | Y51: 2.919778 | Z51: 2.915329 | AA51: 2.910455 | AB51: 2.906943 | AC51: 2.902937 | AD51: 2.897179 | AE51: 2.890561 | AF51: 2.884018 | AG51: 2.877572 | AH51: 2.871458 | AI51: 2.865892 | AJ51: 2.859157 | AK51: 2.853049 | AL51: 2.846776 | AM51: 0.000298
A52: RKI000:ga_SpaceCooling | B52: Space Cooling | C52: 0.023169 | D52: 0.023783 | E52: 0.021051 | F52: 0.021517 | G52: 0.021521 | H52: 0.021344 | I52: 0.021161 | J52: 0.020983 | K52: 0.020806 | L52: 0.02061 | M52: 0.020399 | N52: 0.020189 | O52: 0.019967 | P52: 0.019774 | Q52: 0.019613 | R52: 0.019473 | S52: 0.019365 | T52: 0.019263 | U52: 0.019174 | V52: 0.019089 | W52: 0.018999 | X52: 0.018918 | Y52: 0.018831 | Z52: 0.01877 | AA52: 0.018718 | AB52: 0.018684 | AC52: 0.018653 | AD52: 0.018624 | AE52: 0.018595 | AF52: 0.018567 | AG52: 0.018545 | AH52: 0.018529 | AI52: 0.018515 | AJ52: 0.018493 | AK52: 0.018481 | AL52: 0.018464 | AM52: -0.007419
A53: RKI000:ga_WaterHeating | B53: Water Heating | C53: 1.207743 | D53: 1.213621 | E53: 1.214271 | F53: 1.215633 | G53: 1.218808 | H53: 1.222553 | I53: 1.228735 | J53: 1.236829 | K53: 1.246045 | L53: 1.255363 | M53: 1.262286 | N53: 1.268111 | O53: 1.270109 | P53: 1.271725 | Q53: 1.273584 | R53: 1.27574 | S53: 1.276583 | T53: 1.275915 | U53: 1.274368 | V53: 1.271778 | W53: 1.26755 | X53: 1.263039 | Y53: 1.258974 | Z53: 1.256536 | AA53: 1.255713 | AB53: 1.257376 | AC53: 1.2609 | AD53: 1.265479 | AE53: 1.270765 | AF53: 1.276758 | AG53: 1.283196 | AH53: 1.289961 | AI53: 1.296887 | AJ53: 1.303247 | AK53: 1.309684 | AL53: 1.315959 | AM53: 0.002384
A54: RKI000:ga_Cooking | B54: Cooking | C54: 0.208441 | D54: 0.208378 | E54: 0.208584 | F54: 0.208978 | G54: 0.209398 | H54: 0.209852 | I54: 0.210332 | J54: 0.21087 | K54: 0.211446 | L54: 0.212049 | M54: 0.212653 | N54: 0.21323 | O54: 0.213857 | P54: 0.214522 | Q54: 0.215274 | R54: 0.216151 | S54: 0.217106 | T54: 0.217986 | U54: 0.218863 | V54: 0.219801 | W54: 0.2208 | X54: 0.221816 | Y54: 0.222833 | Z54: 0.223865 | AA54: 0.224891 | AB54: 0.225923 | AC54: 0.226957 | AD54: 0.227982 | AE54: 0.229024 | AF54: 0.230099 | AG54: 0.231202 | AH54: 0.23232 | AI54: 0.233432 | AJ54: 0.234513 | AK54: 0.235571 | AL54: 0.236617 | AM54: 0.003745
A55: RKI000:ga_ClothesDryers | B55: Clothes Dryers | C55: 0.051087 | D55: 0.051545 | E55: 0.051764 | F55: 0.052008 | G55: 0.052271 | H55: 0.052599 | I55: 0.052932 | J55: 0.053309 | K55: 0.053703 | L55: 0.054085 | M55: 0.054437 | N55: 0.054769 | O55: 0.054929 | P55: 0.055131 | Q55: 0.055414 | R55: 0.055795 | S55: 0.056174 | T55: 0.056556 | U55: 0.056973 | V55: 0.05741 | W55: 0.057825 | X55: 0.058256 | Y55: 0.058704 | Z55: 0.059178 | AA55: 0.059646 | AB55: 0.060134 | AC55: 0.060619 | AD55: 0.061077 | AE55: 0.061514 | AF55: 0.061951 | AG55: 0.062392 | AH55: 0.062844 | AI55: 0.0633 | AJ55: 0.06373 | AK55: 0.064165 | AL55: 0.064593 | AM55: 0.006659
A56: RKI000:ga_OtherNatGas | B56: Other Uses 5/ | C56: 0.248127 | D56: 0.248469 | E56: 0.247135 | F56: 0.245532 | G56: 0.244021 | H56: 0.242715 | I56: 0.241399 | J56: 0.240171 | K56: 0.23899 | L56: 0.23777 | M56: 0.236485 | N56: 0.2352 | O56: 0.233416 | P56: 0.231774 | Q56: 0.230359 | R56: 0.229213 | S56: 0.228111 | T56: 0.227085 | U56: 0.226154 | V56: 0.225161 | W56: 0.223946 | X56: 0.222784 | Y56: 0.221713 | Z56: 0.220743 | AA56: 0.219778 | AB56: 0.21892 | AC56: 0.21806 | AD56: 0.217127 | AE56: 0.216112 | AF56: 0.21507 | AG56: 0.214016 | AH56: 0.212987 | AI56: 0.212001 | AJ56: 0.210979 | AK56: 0.210008 | AL56: 0.209026 | AM56: -0.005071
A57: RKI000:ga_DeliveredEner | B57: Delivered Energy | C57: 4.757174 | D57: 4.563908 | E57: 4.765479 | F57: 4.813304 | G57: 4.802428 | H57: 4.794781 | I57: 4.79133 | J57: 4.792284 | K57: 4.795135 | L57: 4.798526 | M57: 4.79817 | N57: 4.795413 | O57: 4.784097 | P57: 4.772815 | Q57: 4.763848 | R57: 4.758921 | S57: 4.753451 | T57: 4.745883 | U57: 4.739036 | V57: 4.732169 | W57: 4.720896 | X57: 4.710109 | Y57: 4.700832 | Z57: 4.694421 | AA57: 4.689201 | AB57: 4.68798 | AC57: 4.688127 | AD57: 4.687469 | AE57: 4.68657 | AF57: 4.686465 | AG57: 4.686924 | AH57: 4.688098 | AI57: 4.690028 | AJ57: 4.690119 | AK57: 4.690958 | AL57: 4.691435 | AM57: 0.000811
B59: Distillate Fuel Oil
A60: RKI000:ha_SpaceHeating | B60: Space Heating | C60: 0.463082 | D60: 0.381017 | E60: 0.460043 | F60: 0.437505 | G60: 0.424531 | H60: 0.41386 | I60: 0.404445 | J60: 0.395824 | K60: 0.387578 | L60: 0.379716 | M60: 0.371775 | N60: 0.363962 | O60: 0.356564 | P60: 0.349576 | Q60: 0.342729 | R60: 0.335616 | S60: 0.328618 | T60: 0.3217 | U60: 0.315563 | V60: 0.309764 | W60: 0.304188 | X60: 0.298425 | Y60: 0.293046 | Z60: 0.287975 | AA60: 0.282993 | AB60: 0.2782 | AC60: 0.27361 | AD60: 0.269117 | AE60: 0.264725 | AF60: 0.260354 | AG60: 0.256091 | AH60: 0.251756 | AI60: 0.247373 | AJ60: 0.243134 | AK60: 0.239004 | AL60: 0.234875 | AM60: -0.014128
A61: RKI000:ha_WaterHeating | B61: Water Heating | C61: 0.044641 | D61: 0.043057 | E61: 0.040292 | F61: 0.03706 | G61: 0.034129 | H61: 0.0317 | I61: 0.029709 | J61: 0.028076 | K61: 0.026785 | L61: 0.025834 | M61: 0.024839 | N61: 0.023861 | O61: 0.022926 | P61: 0.022048 | Q61: 0.02121 | R61: 0.020391 | S61: 0.019598 | T61: 0.018832 | U61: 0.018129 | V61: 0.017456 | W61: 0.016817 | X61: 0.016193 | Y61: 0.015621 | Z61: 0.015102 | AA61: 0.014627 | AB61: 0.014206 | AC61: 0.013839 | AD61: 0.013517 | AE61: 0.013228 | AF61: 0.012963 | AG61: 0.012719 | AH61: 0.012488 | AI61: 0.012266 | AJ61: 0.012061 | AK61: 0.011869 | AL61: 0.011686 | AM61: -0.03763
A62: RKI000:Other_ha_ha | B62: Other Uses 6/ | C62: 0.00705 | D62: 0.007281 | E62: 0.007295 | F62: 0.007178 | G62: 0.007051 | H62: 0.006972 | I62: 0.006915 | J62: 0.006868 | K62: 0.006823 | L62: 0.006779 | M62: 0.006731 | N62: 0.006684 | O62: 0.006643 | P62: 0.006608 | Q62: 0.006573 | R62: 0.006533 | S62: 0.006489 | T62: 0.006444 | U62: 0.00641 | V62: 0.006376 | W62: 0.006343 | X62: 0.006303 | Y62: 0.006268 | Z62: 0.006236 | AA62: 0.006203 | AB62: 0.00617 | AC62: 0.00614 | AD62: 0.006114 | AE62: 0.006088 | AF62: 0.006061 | AG62: 0.006035 | AH62: 0.006006 | AI62: 0.005976 | AJ62: 0.005948 | AK62: 0.005921 | AL62: 0.005892 | AM62: -0.006204
A63: RKI000:ha_DeliveredEner | B63: Delivered Energy | C63: 0.514773 | D63: 0.431354 | E63: 0.507631 | F63: 0.481744 | G63: 0.465711 | H63: 0.452532 | I63: 0.44107 | J63: 0.430768 | K63: 0.421187 | L63: 0.412329 | M63: 0.403345 | N63: 0.394507 | O63: 0.386133 | P63: 0.378232 | Q63: 0.370512 | R63: 0.362539 | S63: 0.354705 | T63: 0.346976 | U63: 0.340102 | V63: 0.333596 | W63: 0.327347 | X63: 0.320921 | Y63: 0.314935 | Z63: 0.309314 | AA63: 0.303823 | AB63: 0.298575 | AC63: 0.29359 | AD63: 0.288747 | AE63: 0.284041 | AF63: 0.279378 | AG63: 0.274844 | AH63: 0.270251 | AI63: 0.265616 | AJ63: 0.261144 | AK63: 0.256794 | AL63: 0.252453 | AM63: -0.015632
B65: Propane
A66: RKI000:ia_SpaceHeating | B66: Space Heating | C66: 0.341401 | D66: 0.299716 | E66: 0.32496 | F66: 0.326645 | G66: 0.321761 | H66: 0.317796 | I66: 0.31451 | J66: 0.310488 | K66: 0.306342 | L66: 0.302754 | M66: 0.299765 | N66: 0.296874 | O66: 0.293845 | P66: 0.290861 | Q66: 0.288088 | R66: 0.285417 | S66: 0.28234 | T66: 0.279063 | U66: 0.276201 | V66: 0.273603 | W66: 0.271222 | X66: 0.268648 | Y66: 0.266185 | Z66: 0.263612 | AA66: 0.260864 | AB66: 0.258301 | AC66: 0.255804 | AD66: 0.253456 | AE66: 0.25114 | AF66: 0.248897 | AG66: 0.246767 | AH66: 0.244607 | AI66: 0.242415 | AJ66: 0.240148 | AK66: 0.237975 | AL66: 0.235788 | AM66: -0.007031
A67: RKI000:ia_WaterHeating | B67: Water Heating | C67: 0.060069 | D67: 0.059111 | E67: 0.057686 | F67: 0.05566 | G67: 0.053911 | H67: 0.052448 | I67: 0.051315 | J67: 0.050314 | K67: 0.049471 | L67: 0.048832 | M67: 0.048126 | N67: 0.047367 | O67: 0.046506 | P67: 0.045599 | Q67: 0.044694 | R67: 0.043765 | S67: 0.042763 | T67: 0.041725 | U67: 0.040736 | V67: 0.039782 | W67: 0.038884 | X67: 0.037994 | Y67: 0.037168 | Z67: 0.036408 | AA67: 0.035708 | AB67: 0.035123 | AC67: 0.034627 | AD67: 0.034218 | AE67: 0.033866 | AF67: 0.033564 | AG67: 0.03331 | AH67: 0.033079 | AI67: 0.032862 | AJ67: 0.032649 | AK67: 0.032461 | AL67: 0.032288 | AM67: -0.017629
A68: RKI000:ia_Cooking | B68: Cooking | C68: 0.02822 | D68: 0.027886 | E68: 0.027591 | F68: 0.027326 | G68: 0.027069 | H68: 0.026817 | I68: 0.026573 | J68: 0.026348 | K68: 0.026133 | L68: 0.025924 | M68: 0.025714 | N68: 0.02549 | O68: 0.02529 | P68: 0.02511 | Q68: 0.024956 | R68: 0.024832 | S68: 0.02474 | T68: 0.024635 | U68: 0.02453 | V68: 0.024433 | W68: 0.024344 | X68: 0.024255 | Y68: 0.024165 | Z68: 0.024079 | AA68: 0.023992 | AB68: 0.023905 | AC68: 0.023814 | AD68: 0.023722 | AE68: 0.023628 | AF68: 0.023536 | AG68: 0.023445 | AH68: 0.023358 | AI68: 0.023279 | AJ68: 0.023204 | AK68: 0.023135 | AL68: 0.023071 | AM68: -0.00556
A69: RKI000:ia_OtherUses | B69: Other Uses 6/ | C69: 0.043472 | D69: 0.045084 | E69: 0.046261 | F69: 0.046886 | G69: 0.04753 | H69: 0.048302 | I69: 0.049156 | J69: 0.049955 | K69: 0.050737 | L69: 0.051561 | M69: 0.052445 | N69: 0.053335 | O69: 0.054176 | P69: 0.054999 | Q69: 0.055834 | R69: 0.056662 | S69: 0.057415 | T69: 0.058119 | U69: 0.058876 | V69: 0.059667 | W69: 0.060501 | X69: 0.061307 | Y69: 0.062129 | Z69: 0.062942 | AA69: 0.063721 | AB69: 0.064533 | AC69: 0.06536 | AD69: 0.066215 | AE69: 0.067079 | AF69: 0.067964 | AG69: 0.068881 | AH69: 0.069803 | AI69: 0.070717 | AJ69: 0.07161 | AK69: 0.07252 | AL69: 0.073424 | AM69: 0.014448
A70: RKI000:ia_DeliveredEner | B70: Delivered Energy | C70: 0.473162 | D70: 0.431797 | E70: 0.456497 | F70: 0.456517 | G70: 0.450271 | H70: 0.445362 | I70: 0.441554 | J70: 0.437106 | K70: 0.432684 | L70: 0.429072 | M70: 0.42605 | N70: 0.423066 | O70: 0.419817 | P70: 0.416569 | Q70: 0.413573 | R70: 0.410677 | S70: 0.407258 | T70: 0.403542 | U70: 0.400343 | V70: 0.397485 | W70: 0.39495 | X70: 0.392204 | Y70: 0.389648 | Z70: 0.387041 | AA70: 0.384285 | AB70: 0.381862 | AC70: 0.379606 | AD70: 0.377611 | AE70: 0.375713 | AF70: 0.373961 | AG70: 0.372403 | AH70: 0.370847 | AI70: 0.369273 | AJ70: 0.367611 | AK70: 0.366091 | AL70: 0.36457 | AM70: -0.004965
A72: RKI000:ja_MarketedRenew | B72: Marketed Renewables (wood) 7/ | C72: 0.440932 | D72: 0.373338 | E72: 0.382023 | F72: 0.399918 | G72: 0.411374 | H72: 0.41363 | I72: 0.411704 | J72: 0.407837 | K72: 0.403628 | L72: 0.399409 | M72: 0.395798 | N72: 0.392024 | O72: 0.387317 | P72: 0.381188 | Q72: 0.37527 | R72: 0.370244 | S72: 0.366117 | T72: 0.362504 | U72: 0.357335 | V72: 0.35266 | W72: 0.348059 | X72: 0.345057 | Y72: 0.341559 | Z72: 0.337991 | AA72: 0.335112 | AB72: 0.332439 | AC72: 0.329152 | AD72: 0.325441 | AE72: 0.321761 | AF72: 0.318272 | AG72: 0.314918 | AH72: 0.311896 | AI72: 0.309358 | AJ72: 0.306477 | AK72: 0.303598 | AL72: 0.301033 | AM72: -0.006311
A73: RKI000:ja_OtherFuels | B73: Kerosene | C73: 0.009758 | D73: 0.009758 | E73: 0.011269 | F73: 0.010637 | G73: 0.010123 | H73: 0.009748 | I73: 0.009464 | J73: 0.009216 | K73: 0.008989 | L73: 0.008781 | M73: 0.008574 | N73: 0.008368 | O73: 0.008168 | P73: 0.007984 | Q73: 0.007804 | R73: 0.007617 | S73: 0.007427 | T73: 0.007237 | U73: 0.007069 | V73: 0.006909 | W73: 0.006757 | X73: 0.0066 | Y73: 0.006454 | Z73: 0.006315 | AA73: 0.006178 | AB73: 0.006045 | AC73: 0.00592 | AD73: 0.005799 | AE73: 0.005681 | AF73: 0.005564 | AG73: 0.005449 | AH73: 0.005332 | AI73: 0.005213 | AJ73: 0.005098 | AK73: 0.004986 | AL73: 0.004875 | AM73: -0.020203
B75: Delivered Energy Consumption by End Use
A76: RKI000:ka_SpaceHeating | B76: Space Heating | C76: 4.604874 | D76: 4.209844 | E76: 4.550833 | F76: 4.605039 | G76: 4.583626 | H76: 4.55753 | I76: 4.53145 | J76: 4.505191 | K76: 4.479831 | L76: 4.457197 | M76: 4.4342 | N76: 4.409664 | O76: 4.380695 | P76: 4.351151 | Q76: 4.323893 | R76: 4.300618 | S76: 4.278604 | T76: 4.256376 | U76: 4.235342 | V76: 4.216606 | W76: 4.195526 | X76: 4.176435 | Y76: 4.158358 | Z76: 4.141437 | AA76: 4.124749 | AB76: 4.110062 | AC76: 4.094557 | AD76: 4.077002 | AE76: 4.058712 | AF76: 4.040754 | AG76: 4.023289 | AH76: 4.006301 | AI76: 3.990368 | AJ76: 3.972912 | AK76: 3.956301 | AL76: 3.939848 | AM76: -0.001948
A77: RKI000:ka_SpaceCooling | B77: Space Cooling | C77: 0.81741 | D77: 0.867148 | E77: 0.755645 | F77: 0.782887 | G77: 0.784262 | H77: 0.782837 | I77: 0.78283 | J77: 0.781494 | K77: 0.781601 | L77: 0.784343 | M77: 0.786754 | N77: 0.789338 | O77: 0.792837 | P77: 0.797361 | Q77: 0.802426 | R77: 0.80746 | S77: 0.813477 | T77: 0.819079 | U77: 0.825068 | V77: 0.831143 | W77: 0.836969 | X77: 0.842503 | Y77: 0.847606 | Z77: 0.853019 | AA77: 0.858057 | AB77: 0.862583 | AC77: 0.86688 | AD77: 0.8709 | AE77: 0.874038 | AF77: 0.876727 | AG77: 0.879142 | AH77: 0.8813 | AI77: 0.882924 | AJ77: 0.883173 | AK77: 0.882756 | AL77: 0.88189 | AM77: 0.000496
A78: RKI000:ka_WaterHeating | B78: Water Heating | C78: 1.763412 | D78: 1.771377 | E78: 1.772123 | F78: 1.772195 | G78: 1.773084 | H78: 1.772762 | I78: 1.77639 | J78: 1.781616 | K78: 1.788717 | L78: 1.797625 | M78: 1.803908 | N78: 1.808599 | O78: 1.809548 | P78: 1.810293 | Q78: 1.811218 | R78: 1.811974 | S78: 1.81119 | T78: 1.808687 | U78: 1.804977 | V78: 1.800001 | W78: 1.792986 | X78: 1.785609 | Y78: 1.77905 | Z78: 1.774759 | AA78: 1.772888 | AB78: 1.774335 | AC78: 1.778477 | AD78: 1.784178 | AE78: 1.790826 | AF78: 1.798323 | AG78: 1.806307 | AH78: 1.814646 | AI78: 1.823087 | AJ78: 1.83079 | AK78: 1.838508 | AL78: 1.845955 | AM78: 0.001214
A79: RKI000:ka_Refrigeration | B79: Refrigeration | C79: 0.355201 | D79: 0.35081 | E79: 0.346875 | F79: 0.343662 | G79: 0.340835 | H79: 0.338432 | I79: 0.336455 | J79: 0.334212 | K79: 0.332347 | L79: 0.330892 | M79: 0.329846 | N79: 0.329135 | O79: 0.328747 | P79: 0.328678 | Q79: 0.329 | R79: 0.32979 | S79: 0.330945 | T79: 0.332402 | U79: 0.334299 | V79: 0.336792 | W79: 0.339898 | X79: 0.343507 | Y79: 0.347132 | Z79: 0.350793 | AA79: 0.354434 | AB79: 0.358071 | AC79: 0.361684 | AD79: 0.365255 | AE79: 0.368825 | AF79: 0.37242 | AG79: 0.376024 | AH79: 0.379613 | AI79: 0.383152 | AJ79: 0.386586 | AK79: 0.389937 | AL79: 0.39322 | AM79: 0.003362
A80: RKI000:ka_Cooking | B80: Cooking | C80: 0.344572 | D80: 0.345141 | E80: 0.346268 | F80: 0.347791 | G80: 0.349385 | H80: 0.351068 | I80: 0.352839 | J80: 0.354743 | K80: 0.356713 | L80: 0.358731 | M80: 0.360726 | N80: 0.362629 | O80: 0.364548 | P80: 0.366466 | Q80: 0.368472 | R80: 0.370639 | S80: 0.372883 | T80: 0.374974 | U80: 0.377063 | V80: 0.379277 | W80: 0.381614 | X80: 0.383978 | Y80: 0.386339 | Z80: 0.388727 | AA80: 0.391096 | AB80: 0.393466 | AC80: 0.395827 | AD80: 0.398166 | AE80: 0.400529 | AF80: 0.402947 | AG80: 0.405406 | AH80: 0.407893 | AI80: 0.410376 | AJ80: 0.412805 | AK80: 0.415203 | AL80: 0.417583 | AM80: 0.00562
A81: RKI000:ka_ClothesDryers | B81: Clothes Dryers | C81: 0.255722 | D81: 0.258429 | E81: 0.261059 | F81: 0.264047 | G81: 0.266328 | H81: 0.267741 | I81: 0.269148 | J81: 0.270339 | K81: 0.271744 | L81: 0.273832 | M81: 0.27591 | N81: 0.277825 | O81: 0.279707 | P81: 0.281828 | Q81: 0.28415 | R81: 0.286712 | S81: 0.289323 | T81: 0.291956 | U81: 0.294752 | V81: 0.29772 | W81: 0.300659 | X81: 0.303647 | Y81: 0.306707 | Z81: 0.309845 | AA81: 0.312977 | AB81: 0.316137 | AC81: 0.319297 | AD81: 0.322343 | AE81: 0.325275 | AF81: 0.328163 | AG81: 0.331021 | AH81: 0.333887 | AI81: 0.336722 | AJ81: 0.339422 | AK81: 0.342078 | AL81: 0.344677 | AM81: 0.008506
A82: RKI000:ka_Freezers | B82: Freezers | C82: 0.07543 | D82: 0.074619 | E82: 0.073888 | F82: 0.073192 | G82: 0.072462 | H82: 0.071706 | I82: 0.070935 | J82: 0.070168 | K82: 0.069453 | L82: 0.068787 | M82: 0.068159 | N82: 0.067552 | O82: 0.066966 | P82: 0.0664 | Q82: 0.065872 | R82: 0.065407 | S82: 0.064986 | T82: 0.064596 | U82: 0.064264 | V82: 0.064015 | W82: 0.063865 | X82: 0.063791 | Y82: 0.0638 | Z82: 0.063906 | AA82: 0.064104 | AB82: 0.064395 | AC82: 0.064768 | AD82: 0.065146 | AE82: 0.065538 | AF82: 0.065951 | AG82: 0.066383 | AH82: 0.06683 | AI82: 0.067283 | AJ82: 0.067733 | AK82: 0.068182 | AL82: 0.068633 | AM82: -0.002456
A83: RKI000:ka_Lighting | B83: Lighting | C83: 0.448123 | D83: 0.441566 | E83: 0.435892 | F83: 0.434207 | G83: 0.424534 | H83: 0.373465 | I83: 0.342323 | J83: 0.318797 | K83: 0.303977 | L83: 0.294402 | M83: 0.287885 | N83: 0.282972 | O83: 0.279133 | P83: 0.276178 | Q83: 0.273961 | R83: 0.264825 | S83: 0.25764 | T83: 0.252522 | U83: 0.249772 | V83: 0.249398 | W83: 0.249332 | X83: 0.249677 | Y83: 0.250358 | Z83: 0.251256 | AA83: 0.252238 | AB83: 0.248426 | AC83: 0.245436 | AD83: 0.243001 | AE83: 0.241185 | AF83: 0.240336 | AG83: 0.240358 | AH83: 0.2406 | AI83: 0.240962 | AJ83: 0.241355 | AK83: 0.241794 | AL83: 0.242266 | AM83: -0.017501
A84: RKI000:ka_ClothesWasher | B84: Clothes Washers 1/ | C84: 0.026497 | D84: 0.025667 | E84: 0.024887 | F84: 0.023776 | G84: 0.02266 | H84: 0.021433 | I84: 0.020162 | J84: 0.019082 | K84: 0.018184 | L84: 0.017458 | M84: 0.016899 | N84: 0.016508 | O84: 0.016292 | P84: 0.016259 | Q84: 0.016195 | R84: 0.016114 | S84: 0.01603 | T84: 0.015958 | U84: 0.015923 | V84: 0.015941 | W84: 0.016011 | X84: 0.016119 | Y84: 0.016252 | Z84: 0.0164 | AA84: 0.016553 | AB84: 0.016707 | AC84: 0.016862 | AD84: 0.017015 | AE84: 0.01717 | AF84: 0.017327 | AG84: 0.017485 | AH84: 0.017645 | AI84: 0.017804 | AJ84: 0.01796 | AK84: 0.018114 | AL84: 0.018267 | AM84: -0.009953
A85: RKI000:ka_Dishwashers | B85: Dishwashers 1/ | C85: 0.094424 | D85: 0.094505 | E85: 0.094796 | F85: 0.095229 | G85: 0.095648 | H85: 0.096045 | I85: 0.09644 | J85: 0.097098 | K85: 0.098031 | L85: 0.099282 | M85: 0.100798 | N85: 0.102534 | O85: 0.104483 | P85: 0.106602 | Q85: 0.108585 | R85: 0.110437 | S85: 0.112132 | T85: 0.11367 | U85: 0.115158 | V85: 0.116683 | W85: 0.118256 | X85: 0.119853 | Y85: 0.121467 | Z85: 0.123111 | AA85: 0.124761 | AB85: 0.126427 | AC85: 0.128099 | AD85: 0.129763 | AE85: 0.13143 | AF85: 0.133109 | AG85: 0.134785 | AH85: 0.136453 | AI85: 0.138095 | AJ85: 0.139687 | AK85: 0.141238 | AL85: 0.142754 | AM85: 0.012205
A86: RKI000:ka_ColorTelevisi | B86: Televisions and Related Equipment 2/ | C86: 0.288212 | D86: 0.282494 | E86: 0.2774 | F86: 0.273162 | G86: 0.26852 | H86: 0.263822 | I86: 0.259875 | J86: 0.256199 | K86: 0.253304 | L86: 0.251986 | M86: 0.251491 | N86: 0.251538 | O86: 0.252468 | P86: 0.25441 | Q86: 0.257082 | R86: 0.260393 | S86: 0.264374 | T86: 0.268873 | U86: 0.273967 | V86: 0.279572 | W86: 0.285348 | X86: 0.291337 | Y86: 0.297421 | Z86: 0.303437 | AA86: 0.309231 | AB86: 0.314683 | AC86: 0.317851 | AD86: 0.320415 | AE86: 0.322613 | AF86: 0.324784 | AG86: 0.326932 | AH86: 0.329083 | AI86: 0.331172 | AJ86: 0.333129 | AK86: 0.335039 | AL86: 0.336865 | AM86: 0.005191
A87: RKI000:ka_PersonalCompu | B87: Computers and Related Equipment 3/ | C87: 0.111117 | D87: 0.107827 | E87: 0.104646 | F87: 0.101712 | G87: 0.098496 | H87: 0.095143 | I87: 0.091913 | J87: 0.088654 | K87: 0.085554 | L87: 0.082878 | M87: 0.08035 | N87: 0.077899 | O87: 0.07563 | P87: 0.073536 | Q87: 0.071573 | R87: 0.069687 | S87: 0.067884 | T87: 0.066139 | U87: 0.064451 | V87: 0.062801 | W87: 0.06113 | X87: 0.059417 | Y87: 0.057759 | Z87: 0.056146 | AA87: 0.054541 | AB87: 0.052936 | AC87: 0.051434 | AD87: 0.049901 | AE87: 0.048327 | AF87: 0.046734 | AG87: 0.045077 | AH87: 0.043361 | AI87: 0.041551 | AJ87: 0.039626 | AK87: 0.03757 | AL87: 0.035389 | AM87: -0.032238
... A92: RKI000:la_ElectricityRe | B92: Electricity Related Losses | C92: 9.569791 | D92: 9.386479 | E92: 9.370535 | F92: 9.384474 | G92: 9.405828 | H92: 9.347047 | I92: 9.280358 | J92: 9.219619 | K92: 9.190005 | L92: 9.150984 | M92: 9.097077 | N92: 9.018094 | O92: 8.975627 | P92: 8.940907 | Q92: 8.925586 | R92: 8.904574 | S92: 8.902377 | T92: 8.889162 | U92: 8.917674 | V92: 8.904959 | W92: 8.878765 | X92: 8.913216 | Y92: 8.897772 | Z92: 8.914825 | AA92: 8.932128 | AB92: 8.960385 | AC92: 8.96512 | AD92: 8.972742 | AE92: 8.988356 | AF92: 8.982656 | AG92: 8.951747 | AH92: 8.935314 | AI92: 8.909016 | AJ92: 8.891896 | AK92: 8.883463 | AL92: 8.821958 | AM92: -0.001823
B94: Total Energy Consumption by End Use
A95: RKI000:ma_SpaceHeating | B95: Space Heating | C95: 5.268241 | D95: 4.849652 | E95: 5.236599 | F95: 5.305098 | G95: 5.283724 | H95: 5.256125 | I95: 5.224988 | J95: 5.19224 | K95: 5.161564 | L95: 5.13305 | M95: 5.102129 | N95: 5.067314 | O95: 5.030704 | P95: 4.993675 | Q95: 4.960332 | R95: 4.931818 | S95: 4.905473 | T95: 4.877793 | U95: 4.853668 | V95: 4.828734 | W95: 4.800081 | X95: 4.777699 | Y95: 4.753046 | Z95: 4.731459 | AA95: 4.710371 | AB95: 4.692842 | AC95: 4.673488 | AD95: 4.652143 | AE95: 4.630694 | AF95: 4.608259 | AG95: 4.584851 | AH95: 4.56287 | AI95: 4.541918 | AJ95: 4.520416 | AK95: 4.500524 | AL95: 4.477851 | AM95: -0.002343
A96: RKI000:ma_SpaceCooling | B96: Space Cooling | C96: 2.408715 | D96: 2.512719 | E96: 2.195516 | F96: 2.260591 | G96: 2.269943 | H96: 2.273883 | I96: 2.272711 | J96: 2.26714 | K96: 2.267104 | L96: 2.268068 | M96: 2.264536 | N96: 2.257549 | O96: 2.257551 | P96: 2.259714 | Q96: 2.266055 | R96: 2.273887 | S96: 2.28631 | T96: 2.294811 | U96: 2.309582 | V96: 2.316123 | W96: 2.319637 | X96: 2.332221 | Y96: 2.335111 | Z96: 2.343639 | AA96: 2.351417 | AB96: 2.361386 | AC96: 2.36799 | AD96: 2.374475 | AE96: 2.380298 | AF96: 2.381475 | AG96: 2.377711 | AH96: 2.376056 | AI96: 2.372265 | AJ96: 2.367709 | AK96: 2.363313 | AL96: 2.349587 | AM96: -0.001972
A97: RKI000:ma_WaterHeating | B97: Water Heating | C97: 2.666933 | D97: 2.66032 | E97: 2.673518 | F97: 2.672441 | G97: 2.681228 | H97: 2.685337 | I97: 2.689156 | J97: 2.692715 | K97: 2.699424 | L97: 2.706035 | M97: 2.707633 | N97: 2.70436 | O97: 2.700288 | P97: 2.69592 | Q97: 2.693214 | R97: 2.6905 | S97: 2.687063 | T97: 2.679965 | U97: 2.673964 | V97: 2.661279 | W97: 2.644436 | X97: 2.63283 | Y97: 2.617745 | Z97: 2.608674 | AA97: 2.603496 | AB97: 2.604869 | AC97: 2.608663 | AD97: 2.615046 | AE97: 2.623626 | AF97: 2.631282 | AG97: 2.637054 | AH97: 2.644719 | AI97: 2.651956 | AJ97: 2.659749 | AK97: 2.668476 | AL97: 2.672121 | AM97: 0.00013
A98: RKI000:ma_Refrigeration | B98: Refrigeration | C98: 1.066866 | D98: 1.03531 | E98: 1.026782 | F98: 1.010659 | G98: 1.004718 | H98: 1.001102 | I98: 0.994586 | J98: 0.98709 | K98: 0.981278 | L98: 0.973725 | M98: 0.965898 | N98: 0.957413 | O98: 0.951776 | P98: 0.946801 | Q98: 0.944132 | R98: 0.943524 | S98: 0.944748 | T98: 0.945714 | U98: 0.950103 | V98: 0.952675 | W98: 0.956005 | X98: 0.964849 | Y98: 0.970172 | Z98: 0.977582 | AA98: 0.985046 | AB98: 0.99402 | AC98: 1.001758 | AD98: 1.009633 | AE98: 1.01825 | AF98: 1.025445 | AG98: 1.030799 | AH98: 1.037295 | AI98: 1.043307 | AJ98: 1.0503 | AK98: 1.057924 | AL98: 1.061636 | AM98: 0.000739
A99: RKI000:ma_Cooking | B99: Cooking | C99: 0.560779 | D99: 0.557579 | E99: 0.56206 | F99: 0.56417 | G99: 0.569328 | H99: 0.57507 | I99: 0.579614 | J99: 0.584325 | K99: 0.58933 | L99: 0.593329 | M99: 0.596674 | N99: 0.599156 | O99: 0.602201 | P99: 0.604991 | Q99: 0.608247 | R99: 0.611926 | S99: 0.615917 | T99: 0.619178 | U99: 0.623294 | V99: 0.626227 | W99: 0.628982 | X99: 0.633426 | Y99: 0.63643 | Z99: 0.640275 | AA99: 0.644123 | AB99: 0.648575 | AC99: 0.652532 | AD99: 0.656552 | AE99: 0.66091 | AF99: 0.664759 | AG99: 0.667925 | AH99: 0.671605 | AI99: 0.675134 | AJ99: 0.67907 | AK99: 0.683292 | AL99: 0.685982 | AM99: 0.006114
A100: RKI000:ma_ClothesDryers | B100: Clothes Dryers | C100: 0.665719 | D100: 0.662099 | E100: 0.671298 | F100: 0.675583 | G100: 0.683272 | H100: 0.689003 | I100: 0.692084 | J100: 0.694303 | K100: 0.697485 | L100: 0.70074 | M100: 0.702981 | N100: 0.703612 | O100: 0.705698 | P100: 0.708162 | Q100: 0.711818 | R100: 0.716443 | S100: 0.721743 | T100: 0.726288 | U100: 0.732759 | V100: 0.73717 | W100: 0.740824 | X100: 0.747515 | Y100: 0.751828 | Z100: 0.757731 | AA100: 0.763706 | AB100: 0.770811 | AC100: 0.777081 | AD100: 0.783265 | AE100: 0.789703 | AF100: 0.794954 | AG100: 0.798787 | AH100: 0.803472 | AI100: 0.807818 | AJ100: 0.812746 | AK100: 0.818159 | AL100: 0.820776 | AM100: 0.006339
A101: RKI000:ma_Freezers | B101: Freezers | C101: 0.226559 | D101: 0.220215 | E101: 0.218715 | F101: 0.215245 | G101: 0.213605 | H101: 0.212111 | I101: 0.209688 | J101: 0.207241 | K101: 0.205063 | L101: 0.202423 | M101: 0.199592 | N101: 0.196501 | O101: 0.193877 | P101: 0.191275 | Q101: 0.189032 | R101: 0.18713 | S101: 0.185516 | T101: 0.183781 | U101: 0.182644 | V101: 0.181079 | W101: 0.179627 | X101: 0.179177 | Y101: 0.178311 | Z101: 0.178093 | AA101: 0.178157 | AB101: 0.178765 | AC101: 0.179388 | AD101: 0.180074 | AE101: 0.180936 | AF101: 0.181593 | AG101: 0.181977 | AH101: 0.182612 | AI101: 0.183209 | AJ101: 0.184022 | AK101: 0.184983 | AL101: 0.1853 | AM101: -0.005064
A102: RKI000:ma_Lighting | B102: Lighting | C102: 1.345962 | D102: 1.303149 | E102: 1.290281 | F102: 1.276937 | G102: 1.251448 | H102: 1.10473 | I102: 1.011932 | J102: 0.941563 | K102: 0.897514 | L102: 0.866346 | M102: 0.843022 | N102: 0.82313 | O102: 0.808136 | P102: 0.795568 | Q102: 0.786188 | R102: 0.75766 | S102: 0.735483 | T102: 0.718448 | U102: 0.709869 | V102: 0.705466 | W102: 0.701277 | X102: 0.701299 | Y102: 0.699706 | Z102: 0.700195 | AA102: 0.701023 | AB102: 0.689642 | AC102: 0.679785 | AD102: 0.6717 | AE102: 0.665863 | AF102: 0.661756 | AG102: 0.658897 | AH102: 0.657441 | AI102: 0.656129 | AJ102: 0.655727 | AK102: 0.656002 | AL102: 0.654082 | AM102: -0.02007
A103: RKI000:ma_ClothesWasher | B103: Clothes Washers 1/ | C103: 0.079586 | D103: 0.075749 | E103: 0.073666 | F103: 0.069921 | G103: 0.066796 | H103: 0.063401 | I103: 0.0596 | J103: 0.056357 | K103: 0.053689 | L103: 0.051373 | M103: 0.049487 | N103: 0.048019 | O103: 0.047168 | P103: 0.046835 | Q103: 0.046474 | R103: 0.046103 | S103: 0.045761 | T103: 0.045402 | U103: 0.045254 | V103: 0.045091 | W103: 0.045032 | X103: 0.045276 | Y103: 0.045422 | Z103: 0.045703 | AA103: 0.046004 | AB103: 0.04638 | AC103: 0.046702 | AD103: 0.047033 | AE103: 0.047402 | AF103: 0.047709 | AG103: 0.047933 | AH103: 0.048215 | AI103: 0.04848 | AJ103: 0.048795 | AK103: 0.049146 | AL103: 0.049319 | AM103: -0.012542
A104: RKI000:ma_Dishwashers | B104: Dishwashers 1/ | C104: 0.283609 | D104: 0.278904 | E104: 0.280605 | F104: 0.280055 | G104: 0.281952 | H104: 0.284107 | I104: 0.285084 | J104: 0.286776 | K104: 0.289442 | L104: 0.29216 | M104: 0.29517 | N104: 0.298259 | O104: 0.302494 | P104: 0.307081 | Q104: 0.311607 | R104: 0.315957 | S104: 0.320104 | T104: 0.3234 | U104: 0.327288 | V104: 0.330059 | W104: 0.33261 | X104: 0.336645 | Y104: 0.339479 | Z104: 0.343082 | AA104: 0.346737 | AB104: 0.350968 | AC104: 0.354796 | AD104: 0.358689 | AE104: 0.362853 | AF104: 0.36651 | AG104: 0.369489 | AH104: 0.372859 | AI104: 0.376029 | AJ104: 0.379509 | AK104: 0.383188 | AL104: 0.385413 | AM104: 0.009559
A105: RKI000:ma_ColorTelevisi | B105: Televisions and Related Equipment 2/ | C105: 0.86566 | D105: 0.833697 | E105: 0.82113 | F105: 0.803328 | G105: 0.791547 | H105: 0.780401 | I105: 0.76821 | J105: 0.756681 | K105: 0.747898 | L105: 0.741526 | M105: 0.736446 | N105: 0.731695 | O105: 0.730937 | P105: 0.732862 | Q105: 0.737748 | R105: 0.74498 | S105: 0.754706 | T105: 0.764968 | U105: 0.778633 | V105: 0.790817 | W105: 0.802574 | X105: 0.818314 | Y105: 0.831239 | Z105: 0.845611 | AA105: 0.859419 | AB105: 0.873574 | AC105: 0.880352 | AD105: 0.885686 | AE105: 0.890669 | AF105: 0.89428 | AG105: 0.896225 | AH105: 0.899221 | AI105: 0.901767 | AJ105: 0.905066 | AK105: 0.908982 | AL105: 0.909485 | AM105: 0.002562
A106: RKI000:ma_PersonalCompu | B106: Computers and Related Equipment 3/ | C106: 0.333746 | D106: 0.318218 | E106: 0.309761 | F106: 0.299121 | G106: 0.290349 | H106: 0.281438 | I106: 0.271703 | J106: 0.261837 | K106: 0.252604 | L106: 0.243886 | M106: 0.235292 | N106: 0.226599 | O106: 0.218962 | P106: 0.21183 | Q106: 0.205392 | R106: 0.199374 | S106: 0.193787 | T106: 0.188171 | U106: 0.183174 | V106: 0.177644 | W106: 0.171935 | X106: 0.166892 | Y106: 0.161426 | Z106: 0.156465 | AA106: 0.151581 | AB106: 0.146952 | AC106: 0.142458 | AD106: 0.137936 | AE106: 0.133422 | AF106: 0.12868 | AG106: 0.123569 | AH106: 0.118485 | AI106: 0.113141 | AJ106: 0.107659 | AK106: 0.101929 | AL106: 0.095544 | AM106: -0.034768
... A109: RKI000:ma_Total | B109: Total | C109: 20.541992 | D109: 20.007259 | E109: 20.274094 | F109: 20.381836 | G109: 20.374641 | H109: 20.236732 | I109: 20.119856 | J109: 20.016405 | K109: 19.958256 | L109: 19.909481 | M109: 19.846622 | N109: 19.75576 | O109: 19.697224 | P109: 19.651901 | Q109: 19.630394 | R109: 19.599455 | S109: 19.591251 | T109: 19.573044 | U109: 19.602673 | V109: 19.597404 | W109: 19.575079 | X109: 19.615744 | Y109: 19.608665 | Z109: 19.639233 | AA109: 19.671001 | AB109: 19.71242 | AC109: 19.727406 | AD109: 19.743858 | AE109: 19.766838 | AF109: 19.76911 | AG109: 19.747086 | AH109: 19.739193 | AI109: 19.719263 | AJ109: 19.7015 | AK109: 19.691608 | AL109: 19.626163 | AM109: -0.000565
B111: Nonmarketed Renewables 9/
A112: RKI000:na_GeothermalHea | B112: Geothermal Heat Pumps | C112: 0.0107 | D112: 0.011801 | E112: 0.012674 | F112: 0.013909 | G112: 0.014766 | H112: 0.0159 | I112: 0.016846 | J112: 0.017709 | K112: 0.018445 | L112: 0.019077 | M112: 0.01958 | N112: 0.019968 | O112: 0.02028 | P112: 0.020524 | Q112: 0.020727 | R112: 0.021034 | S112: 0.021287 | T112: 0.021523 | U112: 0.021759 | V112: 0.022022 | W112: 0.022328 | X112: 0.02267 | Y112: 0.023043 | Z112: 0.023446 | AA112: 0.02388 | AB112: 0.02441 | AC112: 0.024933 | AD112: 0.025467 | AE112: 0.025998 | AF112: 0.026536 | AG112: 0.027075 | AH112: 0.027609 | AI112: 0.028134 | AJ112: 0.028626 | AK112: 0.029091 | AL112: 0.029529 | AM112: 0.027343
A113: RKI000:na_SolarHotWater | B113: Solar Hot Water Heating | C113: 0.009234 | D113: 0.010317 | E113: 0.011427 | F113: 0.012543 | G113: 0.01369 | H113: 0.01473 | I113: 0.015323 | J113: 0.015391 | K113: 0.01547 | L113: 0.015545 | M113: 0.015766 | N113: 0.015985 | O113: 0.01621 | P113: 0.016436 | Q113: 0.016662 | R113: 0.017135 | S113: 0.017575 | T113: 0.018 | U113: 0.018436 | V113: 0.018879 | W113: 0.019331 | X113: 0.019786 | Y113: 0.020244 | Z113: 0.020702 | AA113: 0.021161 | AB113: 0.021617 | AC113: 0.022073 | AD113: 0.022528 | AE113: 0.022985 | AF113: 0.023442 | AG113: 0.0239 | AH113: 0.02436 | AI113: 0.024822 | AJ113: 0.025287 | AK113: 0.025755 | AL113: 0.026228 | AM113: 0.027821
A114: RKI000:na_SolarPhotovol | B114: Solar Photovoltaic | C114: 0.076436 | D114: 0.10585 | E114: 0.136138 | F114: 0.166805 | G114: 0.198246 | H114: 0.230523 | I114: 0.263838 | J114: 0.295013 | K114: 0.329368 | L114: 0.366031 | M114: 0.405372 | N114: 0.447283 | O114: 0.491455 | P114: 0.538065 | Q114: 0.587088 | R114: 0.638805 | S114: 0.693176 | T114: 0.750242 | U114: 0.810014 | V114: 0.872708 | W114: 0.938674 | X114: 1.00803 | Y114: 1.081105 | Z114: 1.158057 | AA114: 1.239056 | AB114: 1.3247 | AC114: 1.414997 | AD114: 1.510212 | AE114: 1.610614 | AF114: 1.716749 | AG114: 1.829163 | AH114: 1.948386 | AI114: 2.074741 | AJ114: 2.208928 | AK114: 2.351303 | AL114: 2.502433 | AM114: 0.097494
A115: RKI000:na_WindHuffPuff | B115: Wind | C115: 0.019677 | D115: 0.031693 | E115: 0.031693 | F115: 0.031693 | G115: 0.031693 | H115: 0.031693 | I115: 0.031693 | J115: 0.031693 | K115: 0.03175 | L115: 0.031851 | M115: 0.031993 | N115: 0.032161 | O115: 0.032458 | P115: 0.032772 | Q115: 0.033094 | R115: 0.033435 | S115: 0.033792 | T115: 0.034159 | U115: 0.034537 | V115: 0.034932 | W115: 0.035427 | X115: 0.035928 | Y115: 0.036436 | Z115: 0.036946 | AA115: 0.037458 | AB115: 0.037976 | AC115: 0.038503 | AD115: 0.03904 | AE115: 0.039588 | AF115: 0.040152 | AG115: 0.04073 | AH115: 0.041337 | AI115: 0.041972 | AJ115: 0.042632 | AK115: 0.043321 | AL115: 0.04404 | AM115: 0.009724
A116: RKI000:na_Total | B116: Total | C116: 0.116047 | D116: 0.159662 | E116: 0.191933 | F116: 0.224949 | G116: 0.258395 | H116: 0.292846 | I116: 0.327699 | J116: 0.359807 | K116: 0.395033 | L116: 0.432505 | M116: 0.472711 | N116: 0.515397 | O116: 0.560403 | P116: 0.607798 | Q116: 0.65757 | R116: 0.710409 | S116: 0.765829 | T116: 0.823925 | U116: 0.884746 | V116: 0.948541 | W116: 1.015759 | X116: 1.086414 | Y116: 1.160827 | Z116: 1.239152 | AA116: 1.321554 | AB116: 1.408703 | AC116: 1.500507 | AD116: 1.597247 | AE116: 1.699183 | AF116: 1.806878 | AG116: 1.920867 | AH116: 2.041692 | AI116: 2.169668 | AJ116: 2.305473 | AK116: 2.44947 | AL116: 2.602231 | AM116: 0.085554
B118: Heating Degree Days
A119: RKI000:hdd_NewEngland | B119: New England | C119: 6514 | D119: 5995 | E119: 6371 | F119: 6184 | G119: 6167 | H119: 6150 | I119: 6133 | J119: 6116 | K119: 6099 | L119: 6082 | M119: 6065 | N119: 6048 | O119: 6031 | P119: 6014 | Q119: 5997 | R119: 5980 | S119: 5963 | T119: 5946 | U119: 5929 | V119: 5912 | W119: 5895 | X119: 5878 | Y119: 5860 | Z119: 5843 | AA119: 5826 | AB119: 5809 | AC119: 5792 | AD119: 5774 | AE119: 5757 | AF119: 5740 | AG119: 5723 | AH119: 5706 | AI119: 5689 | AJ119: 5671 | AK119: 5654 | AL119: 5637 | AM119: -0.001809
A120: RKI000:hdd_MiddleAtlant | B120: Middle Atlantic | C120: 5774 | D120: 5442 | E120: 5663 | F120: 5582 | G120: 5568 | H120: 5554 | I120: 5540 | J120: 5526 | K120: 5511 | L120: 5497 | M120: 5483 | N120: 5469 | O120: 5455 | P120: 5440 | Q120: 5426 | R120: 5412 | S120: 5398 | T120: 5384 | U120: 5369 | V120: 5355 | W120: 5341 | X120: 5327 | Y120: 5313 | Z120: 5299 | AA120: 5285 | AB120: 5271 | AC120: 5257 | AD120: 5243 | AE120: 5229 | AF120: 5215 | AG120: 5202 | AH120: 5188 | AI120: 5174 | AJ120: 5160 | AK120: 5146 | AL120: 5132 | AM120: -0.001724
A121: RKI000:hdd_EastNorthCen | B121: East North Central | C121: 6169 | D121: 5913 | E121: 6192 | F121: 6233 | G121: 6230 | H121: 6226 | I121: 6223 | J121: 6220 | K121: 6216 | L121: 6213 | M121: 6210 | N121: 6206 | O121: 6203 | P121: 6200 | Q121: 6196 | R121: 6193 | S121: 6190 | T121: 6186 | U121: 6183 | V121: 6180 | W121: 6177 | X121: 6173 | Y121: 6170 | Z121: 6167 | AA121: 6163 | AB121: 6160 | AC121: 6157 | AD121: 6153 | AE121: 6150 | AF121: 6147 | AG121: 6143 | AH121: 6140 | AI121: 6137 | AJ121: 6133 | AK121: 6130 | AL121: 6127 | AM121: 0.001046
A122: RKI000:hdd_WestNorthCen | B122: West North Central | C122: 6093 | D122: 6067 | E122: 6429 | F122: 6521 | G122: 6521 | H122: 6520 | I122: 6520 | J122: 6519 | K122: 6518 | L122: 6518 | M122: 6517 | N122: 6515 | O122: 6514 | P122: 6513 | Q122: 6512 | R122: 6510 | S122: 6509 | T122: 6508 | U122: 6506 | V122: 6505 | W122: 6504 | X122: 6502 | Y122: 6501 | Z122: 6499 | AA122: 6498 | AB122: 6496 | AC122: 6494 | AD122: 6493 | AE122: 6491 | AF122: 6490 | AG122: 6488 | AH122: 6486 | AI122: 6484 | AJ122: 6483 | AK122: 6481 | AL122: 6479 | AM122: 0.001934
A123: RKI000:hdd_SouthAtlantc | B123: South Atlantic | C123: 2487 | D123: 2591 | E123: 2619 | F123: 2605 | G123: 2597 | H123: 2589 | I123: 2582 | J123: 2574 | K123: 2566 | L123: 2559 | M123: 2551 | N123: 2543 | O123: 2536 | P123: 2528 | Q123: 2521 | R123: 2513 | S123: 2505 | T123: 2498 | U123: 2490 | V123: 2483 | W123: 2475 | X123: 2468 | Y123: 2461 | Z123: 2453 | AA123: 2446 | AB123: 2439 | AC123: 2432 | AD123: 2424 | AE123: 2417 | AF123: 2410 | AG123: 2404 | AH123: 2397 | AI123: 2390 | AJ123: 2383 | AK123: 2376 | AL123: 2369 | AM123: -0.002631
A124: RKI000:hdd_EastSouthCen | B124: East South Central | C124: 3217 | D124: 3316 | E124: 3393 | F124: 3425 | G124: 3423 | H124: 3421 | I124: 3419 | J124: 3418 | K124: 3416 | L124: 3414 | M124: 3413 | N124: 3411 | O124: 3409 | P124: 3408 | Q124: 3406 | R124: 3404 | S124: 3403 | T124: 3401 | U124: 3399 | V124: 3397 | W124: 3395 | X124: 3394 | Y124: 3392 | Z124: 3390 | AA124: 3388 | AB124: 3386 | AC124: 3384 | AD124: 3383 | AE124: 3381 | AF124: 3379 | AG124: 3377 | AH124: 3375 | AI124: 3374 | AJ124: 3372 | AK124: 3370 | AL124: 3368 | AM124: 0.000458
...

Sheet AEO T5
B1: ref2017.d120816a | C1: 2015 | D1: 2016 | E1: 2017 | F1: 2018 | G1: 2019 | H1: 2020 | I1: 2021 | J1: 2022 | K1: 2023 | L1: 2024 | M1: 2025 | N1: 2026 | O1: 2027 | P1: 2028 | Q1: 2029 | R1: 2030 | S1: 2031 | T1: 2032 | U1: 2033 | V1: 2034 | W1: 2035 | X1: 2036 | Y1: 2037 | Z1: 2038 | AA1: 2039 | AB1: 2040 | AC1: 2041 | AD1: 2042 | AE1: 2043 | AF1: 2044 | AG1: 2045 | AH1: 2046 | AI1: 2047 | AJ1: 2048 | AK1: 2049 | AL1: 2050
C3: Report | D3: Annual Energy Outlook 2017
C4: Scenario | D4: ref2017 | G4: Reference case
C5: Datekey | D5: d120816a
C6: Release Date | E6: January 2017
A10: CKI000 | B10: 5. Commercial Sector Key Indicators and Consumption
B11: (quadrillion Btu, unless otherwise noted)
AM12: 2016-
B13: Key Indicators and Consumption | C13: 2015 | D13: 2016 | E13: 2017 | F13: 2018 | G13: 2019 | H13: 2020 | I13: 2021 | J13: 2022 | K13: 2023 | L13: 2024 | M13: 2025 | N13: 2026 | O13: 2027 | P13: 2028 | Q13: 2029 | R13: 2030 | S13: 2031 | T13: 2032 | U13: 2033 | V13: 2034 | W13: 2035 | X13: 2036 | Y13: 2037 | Z13: 2038 | AA13: 2039 | AB13: 2040 | AC13: 2041 | AD13: 2042 | AE13: 2043 | AF13: 2044 | AG13: 2045 | AH13: 2046 | AI13: 2047 | AJ13: 2048 | AK13: 2049 | AL13: 2050 | AM13: 2050
B15: Key Indicators
B17: Total Floorspace (billion square feet)
A18: CKI000:da_Surviving | B18: Surviving | C18: 87.052673 | D18: 87.748482 | E18: 88.624725 | F18: 89.572952 | G18: 90.595345 | H18: 91.665276 | I18: 92.7369 | J18: 93.823814 | K18: 94.906044 | L18: 95.986115 | M18: 97.062828 | N18: 98.128677 | O18: 99.18222 | P18: 100.23046 | Q18: 101.28615 | R18: 102.34911 | S18: 103.41438 | T18: 104.48439 | U18: 105.55275 | V18: 106.62647 | W18: 107.7075 | X18: 108.78487 | Y18: 109.85697 | Z18: 110.92455 | AA18: 111.9983 | AB18: 113.07514 | AC18: 114.15466 | AD18: 115.23334 | AE18: 116.31342 | AF18: 117.39578 | AG18: 118.48219 | AH18: 119.57352 | AI18: 120.66897 | AJ18: 121.76048 | AK18: 122.84802 | AL18: 123.93219 | AM18: 0.010206
A19: CKI000:da_NewAdditions | B19: New Additions | C19: 1.806707 | D19: 1.995486 | E19: 2.075766 | F19: 2.158288 | G19: 2.214259 | H19: 2.224493 | I19: 2.248463 | J19: 2.25259 | K19: 2.259454 | L19: 2.265276 | M19: 2.263771 | N19: 2.261031 | O19: 2.265505 | P19: 2.282902 | Q19: 2.300351 | R19: 2.313028 | S19: 2.328386 | T19: 2.337556 | U19: 2.353944 | V19: 2.372502 | W19: 2.380299 | X19: 2.386698 | Y19: 2.394062 | Z19: 2.41226 | AA19: 2.42761 | AB19: 2.442725 | AC19: 2.454479 | AD19: 2.468655 | AE19: 2.483835 | AF19: 2.500962 | AG19: 2.519112 | AH19: 2.536558 | AI19: 2.546119 | AJ19: 2.555725 | AK19: 2.56608 | AL19: 2.579243 | AM19: 0.007576
A20: CKI000:da_Total | B20: Total | C20: 88.859383 | D20: 89.743965 | E20: 90.700493 | F20: 91.731239 | G20: 92.809601 | H20: 93.889771 | I20: 94.985367 | J20: 96.076401 | K20: 97.165497 | L20: 98.251389 | M20: 99.326599 | N20: 100.38971 | O20: 101.44772 | P20: 102.51337 | Q20: 103.5865 | R20: 104.66214 | S20: 105.74276 | T20: 106.82194 | U20: 107.90669 | V20: 108.99898 | W20: 110.0878 | X20: 111.17157 | Y20: 112.25103 | Z20: 113.33682 | AA20: 114.42591 | AB20: 115.51787 | AC20: 116.60913 | AD20: 117.702 | AE20: 118.79726 | AF20: 119.89674 | AG20: 121.0013 | AH20: 122.11008 | AI20: 123.21509 | AJ20: 124.31621 | AK20: 125.4141 | AL20: 126.51144 | AM20: 0.01015
B22: Energy Consumption Intensity
B23: (thousand Btu per square foot)
A24: CKI000:ea_DeliveredEner | B24: Delivered Energy Consumption | C24: 97.563316 | D24: 97.668396 | E24: 97.261589 | F24: 96.130386 | G24: 94.564583 | H24: 93.049156 | I24: 91.921562 | J24: 90.789978 | K24: 89.814285 | L24: 89.000862 | M24: 88.169052 | N24: 87.337715 | O24: 86.533424 | P24: 85.845154 | Q24: 85.238655 | R24: 84.562752 | S24: 83.95842 | T24: 83.44989 | U24: 83.066811 | V24: 82.694626 | W24: 82.32798 | X24: 81.971771 | Y24: 81.70665 | Z24: 81.487419 | AA24: 81.290657 | AB24: 81.121017 | AC24: 80.996094 | AD24: 80.906082 | AE24: 80.829742 | AF24: 80.783173 | AG24: 80.748962 | AH24: 80.736008 | AI24: 80.739143 | AJ24: 80.76284 | AK24: 80.817047 | AL24: 80.876205 | AM24: -0.005533
A25: CKI000:ea_ElectricityRe | B25: Electricity Related Losses | C25: 104.5059 | D25: 100.90401 | E25: 99.346626 | F25: 97.71241 | G25: 96.997719 | H25: 96.18927 | I25: 94.948364 | J25: 93.501678 | K25: 92.409111 | L25: 91.170197 | M25: 89.692154 | N25: 87.936859 | O25: 86.59874 | P25: 85.341141 | Q25: 84.346024 | R25: 83.241035 | S25: 82.358757 | T25: 81.451988 | U25: 80.925102 | V25: 80.018387 | W25: 79.049164 | X25: 78.656265 | Y25: 77.88694 | Z25: 77.416069 | AA25: 77.016205 | AB25: 76.765305 | AC25: 76.440575 | AD25: 76.185905 | AE25: 76.056175 | AF25: 75.781189 | AG25: 75.323738 | AH25: 75.058205 | AI25: 74.774857 | AJ25: 74.678268 | AK25: 74.71447 | AL25: 74.367172 | AM25: -0.008935
A26: CKI000:ea_TotalEnergyCo | B26: Total Energy Consumption | C26: 202.06921 | D26: 198.5724 | E26: 196.60822 | F26: 193.8428 | G26: 191.5623 | H26: 189.23843 | I26: 186.86993 | J26: 184.29166 | K26: 182.22339 | L26: 180.17105 | M26: 177.86121 | N26: 175.27457 | O26: 173.13217 | P26: 171.1863 | Q26: 169.58469 | R26: 167.80379 | S26: 166.31717 | T26: 164.90189 | U26: 163.99191 | V26: 162.71301 | W26: 161.37714 | X26: 160.62804 | Y26: 159.5936 | Z26: 158.90349 | AA26: 158.30685 | AB26: 157.88632 | AC26: 157.43668 | AD26: 157.09198 | AE26: 156.88592 | AF26: 156.56436 | AG26: 156.07269 | AH26: 155.79422 | AI26: 155.51401 | AJ26: 155.4411 | AK26: 155.53152 | AL26: 155.24338 | AM26: -0.007214
B28: Delivered Energy Consumption by Fuel
B30: Purchased Electricity
A31: CKI000:ga_SpaceHeating | B31: Space Heating 1/ | C31: 0.117615 | D31: 0.114742 | E31: 0.118186 | F31: 0.118818 | G31: 0.117355 | H31: 0.115732 | I31: 0.114145 | J31: 0.112603 | K31: 0.112238 | L31: 0.112122 | M31: 0.111937 | N31: 0.111655 | O31: 0.111476 | P31: 0.111391 | Q31: 0.111357 | R31: 0.111311 | S31: 0.111322 | T31: 0.111386 | U31: 0.1115 | V31: 0.111669 | W31: 0.111757 | X31: 0.111825 | Y31: 0.111931 | Z31: 0.112083 | AA31: 0.112289 | AB31: 0.112484 | AC31: 0.112711 | AD31: 0.112897 | AE31: 0.11307 | AF31: 0.113239 | AG31: 0.113467 | AH31: 0.11371 | AI31: 0.113946 | AJ31: 0.114183 | AK31: 0.114423 | AL31: 0.114618 | AM31: -3.2e-05
A32: CKI000:ga_SpaceCooling | B32: Space Cooling 1/ | C32: 0.538602 | D32: 0.552436 | E32: 0.496027 | F32: 0.510234 | G32: 0.508443 | H32: 0.505608 | I32: 0.503346 | J32: 0.499632 | K32: 0.497235 | L32: 0.495985 | M32: 0.494195 | N32: 0.492261 | O32: 0.490969 | P32: 0.490298 | Q32: 0.489892 | R32: 0.488986 | S32: 0.48854 | T32: 0.488493 | U32: 0.488845 | V32: 0.489195 | W32: 0.489368 | X32: 0.489373 | Y32: 0.489418 | Z32: 0.489787 | AA32: 0.490245 | AB32: 0.490798 | AC32: 0.49159 | AD32: 0.492416 | AE32: 0.492998 | AF32: 0.493557 | AG32: 0.494229 | AH32: 0.49512 | AI32: 0.496154 | AJ32: 0.497129 | AK32: 0.498335 | AL32: 0.499728 | AM32: -0.002945
A33: CKI000:ga_WaterHeating | B33: Water Heating 1/ | C33: 0.01685 | D33: 0.016803 | E33: 0.016725 | F33: 0.016635 | G33: 0.016513 | H33: 0.01636 | I33: 0.016224 | J33: 0.016052 | K33: 0.015891 | L33: 0.015768 | M33: 0.015635 | N33: 0.015491 | O33: 0.015361 | P33: 0.015246 | Q33: 0.015136 | R33: 0.014981 | S33: 0.014836 | T33: 0.014701 | U33: 0.014576 | V33: 0.014455 | W33: 0.014323 | X33: 0.014191 | Y33: 0.014065 | Z33: 0.013945 | AA33: 0.01383 | AB33: 0.013717 | AC33: 0.01361 | AD33: 0.013503 | AE33: 0.013392 | AF33: 0.01328 | AG33: 0.01317 | AH33: 0.013064 | AI33: 0.012959 | AJ33: 0.012857 | AK33: 0.012759 | AL33: 0.01266 | AM33: -0.008291
A34: CKI000:ga_Ventilation | B34: Ventilation | C34: 0.520373 | D34: 0.519781 | E34: 0.518622 | F34: 0.517425 | G34: 0.51517 | H34: 0.510933 | I34: 0.507199 | J34: 0.500866 | K34: 0.495755 | L34: 0.492381 | M34: 0.488387 | N34: 0.476113 | O34: 0.465019 | P34: 0.455059 | Q34: 0.445953 | R34: 0.436851 | S34: 0.428627 | T34: 0.421193 | U34: 0.414522 | V34: 0.408437 | W34: 0.402566 | X34: 0.397058 | Y34: 0.392136 | Z34: 0.387738 | AA34: 0.383791 | AB34: 0.379404 | AC34: 0.375572 | AD34: 0.372041 | AE34: 0.368746 | AF34: 0.365734 | AG34: 0.363124 | AH34: 0.360929 | AI34: 0.35909 | AJ34: 0.357642 | AK34: 0.356553 | AL34: 0.355715 | AM34: -0.011093
A35: CKI000:ga_Cooking | B35: Cooking | C35: 0.083 | D35: 0.082376 | E35: 0.081706 | F35: 0.081171 | G35: 0.080525 | H35: 0.079819 | I35: 0.079147 | J35: 0.078267 | K35: 0.077474 | L35: 0.076891 | M35: 0.076245 | N35: 0.075566 | O35: 0.07496 | P35: 0.074439 | Q35: 0.073959 | R35: 0.073485 | S35: 0.07305 | T35: 0.072663 | U35: 0.072315 | V35: 0.071981 | W35: 0.071607 | X35: 0.071204 | Y35: 0.070826 | Z35: 0.07046 | AA35: 0.0701 | AB35: 0.069743 | AC35: 0.069403 | AD35: 0.069046 | AE35: 0.068663 | AF35: 0.068265 | AG35: 0.067865 | AH35: 0.067469 | AI35: 0.067069 | AJ35: 0.066664 | AK35: 0.066261 | AL35: 0.065851 | AM35: -0.006564
A36: CKI000:ga_Lighting | B36: Lighting | C36: 0.523999 | D36: 0.510052 | E36: 0.500124 | F36: 0.493548 | G36: 0.488328 | H36: 0.472094 | I36: 0.459182 | J36: 0.441689 | K36: 0.427613 | L36: 0.416762 | M36: 0.407285 | N36: 0.398911 | O36: 0.392037 | P36: 0.386517 | Q36: 0.38195 | R36: 0.3684 | S36: 0.356894 | T36: 0.347163 | U36: 0.338905 | V36: 0.331818 | W36: 0.325463 | X36: 0.319859 | Y36: 0.314587 | Z36: 0.310031 | AA36: 0.306067 | AB36: 0.298299 | AC36: 0.291688 | AD36: 0.285767 | AE36: 0.280359 | AF36: 0.275531 | AG36: 0.271385 | AH36: 0.267902 | AI36: 0.264944 | AJ36: 0.262466 | AK36: 0.260421 | AL36: 0.25866 | AM36: -0.019772
A37: CKI000:ga_Refrigeration | B37: Refrigeration | C37: 0.634089 | D37: 0.639811 | E37: 0.645964 | F37: 0.644753 | G37: 0.643874 | H37: 0.644182 | I37: 0.645211 | J37: 0.640736 | K37: 0.637345 | L37: 0.635446 | M37: 0.629494 | N37: 0.624394 | O37: 0.620554 | P37: 0.617923 | Q37: 0.616277 | R37: 0.610648 | S37: 0.606281 | T37: 0.603043 | U37: 0.600864 | V37: 0.599553 | W37: 0.598758 | X37: 0.598455 | Y37: 0.598734 | Z37: 0.599573 | AA37: 0.600909 | AB37: 0.602353 | AC37: 0.604222 | AD37: 0.606346 | AE37: 0.608658 | AF37: 0.611157 | AG37: 0.613924 | AH37: 0.616966 | AI37: 0.620152 | AJ37: 0.623478 | AK37: 0.626939 | AL37: 0.630416 | AM37: -0.000435
A38: CKI000:ga_OfficeEquipme | B38: Office Equipment (PC) | C38: 0.365338 | D38: 0.354525 | E38: 0.34452 | F38: 0.335385 | G38: 0.327694 | H38: 0.320629 | I38: 0.31426 | J38: 0.308729 | K38: 0.303907 | L38: 0.299945 | M38: 0.296641 | N38: 0.294006 | O38: 0.291796 | P38: 0.290475 | Q38: 0.289575 | R38: 0.289021 | S38: 0.288927 | T38: 0.289278 | U38: 0.289624 | V38: 0.289964 | W38: 0.290707 | X38: 0.291398 | Y38: 0.292078 | Z38: 0.292258 | AA38: 0.292422 | AB38: 0.292036 | AC38: 0.291643 | AD38: 0.290173 | AE38: 0.288631 | AF38: 0.285997 | AG38: 0.282804 | AH38: 0.278518 | AI38: 0.273081 | AJ38: 0.266489 | AK38: 0.258721 | AL38: 0.249728 | AM38: -0.010253
A39: CKI000:ha_OfficeEquipme | B39: Office Equipment (non-PC) | C39: 0.22496 | D39: 0.230237 | E39: 0.234301 | F39: 0.237364 | G39: 0.238984 | H39: 0.240379 | I39: 0.242498 | J39: 0.245123 | K39: 0.24846 | L39: 0.253126 | M39: 0.258468 | N39: 0.264748 | O39: 0.270886 | P39: 0.276642 | Q39: 0.282235 | R39: 0.287573 | S39: 0.292722 | T39: 0.297654 | U39: 0.302654 | V39: 0.307184 | W39: 0.311956 | X39: 0.316713 | Y39: 0.321498 | Z39: 0.326062 | AA39: 0.330953 | AB39: 0.336136 | AC39: 0.341378 | AD39: 0.347213 | AE39: 0.353069 | AF39: 0.359255 | AG39: 0.366109 | AH39: 0.373356 | AI39: 0.380948 | AJ39: 0.389212 | AK39: 0.398468 | AL39: 0.408096 | AM39: 0.016978
A40: CKI000:ha_OtherUses | B40: Other Uses 2/ | C40: 1.610098 | D40: 1.620247 | E40: 1.640949 | F40: 1.662894 | G40: 1.684862 | H40: 1.706584 | I40: 1.729402 | J40: 1.754908 | K40: 1.782634 | L40: 1.812415 | M40: 1.84169 | N40: 1.871535 | O40: 1.902552 | P40: 1.933967 | Q40: 1.966662 | R40: 2.000246 | S40: 2.034371 | T40: 2.070113 | U40: 2.106707 | V40: 2.14528 | W40: 2.18447 | X40: 2.224199 | Y40: 2.265902 | Z40: 2.308626 | AA40: 2.352518 | AB40: 2.398015 | AC40: 2.445001 | AD40: 2.493527 | AE40: 2.543769 | AF40: 2.595689 | AG40: 2.648055 | AH40: 2.703204 | AI40: 2.759075 | AJ40: 2.817255 | AK40: 2.877002 | AL40: 2.939303 | AM40: 0.017672
A41: CKI000:ha_DeliveredEner | B41: Delivered Energy | C41: 4.634924 | D41: 4.641009 | E41: 4.597126 | F41: 4.618227 | G41: 4.621747 | H41: 4.612319 | I41: 4.610613 | J41: 4.598606 | K41: 4.598551 | L41: 4.610838 | M41: 4.619977 | N41: 4.62468 | O41: 4.635611 | P41: 4.651956 | Q41: 4.672997 | R41: 4.681503 | S41: 4.695568 | T41: 4.715687 | U41: 4.740512 | V41: 4.769536 | W41: 4.800977 | X41: 4.834274 | Y41: 4.871173 | Z41: 4.910563 | AA41: 4.953123 | AB41: 4.992985 | AC41: 5.036818 | AD41: 5.082929 | AE41: 5.131355 | AF41: 5.181704 | AG41: 5.234133 | AH41: 5.290237 | AI41: 5.347418 | AJ41: 5.407376 | AK41: 5.469881 | AL41: 5.534775 | AM41: 0.005193
B43: Natural Gas
A44: CKI000:ia_SpaceHeating | B44: Space Heating 1/ | C44: 1.640876 | D44: 1.633144 | E44: 1.709228 | F44: 1.708861 | G44: 1.678487 | H44: 1.649726 | I44: 1.633577 | J44: 1.625024 | K44: 1.613136 | L44: 1.600517 | M44: 1.586807 | N44: 1.572712 | O44: 1.556187 | P44: 1.540368 | Q44: 1.52595 | R44: 1.513718 | S44: 1.502507 | T44: 1.492172 | U44: 1.48294 | V44: 1.473183 | W44: 1.460295 | X44: 1.448135 | Y44: 1.436572 | Z44: 1.42605 | AA44: 1.415474 | AB44: 1.406234 | AC44: 1.396859 | AD44: 1.386221 | AE44: 1.374416 | AF44: 1.362187 | AG44: 1.349652 | AH44: 1.337263 | AI44: 1.325298 | AJ44: 1.31269 | AK44: 1.300846 | AL44: 1.288623 | AM44: -0.006944
A45: CKI000:ia_SpaceCooling | B45: Space Cooling 1/ | C45: 0.026705 | D45: 0.027453 | E45: 0.02239 | F45: 0.022995 | G45: 0.022471 | H45: 0.021918 | I45: 0.021529 | J45: 0.021271 | K45: 0.02107 | L45: 0.020832 | M45: 0.020584 | N45: 0.020346 | O45: 0.020073 | P45: 0.019829 | Q45: 0.019621 | R45: 0.019431 | S45: 0.01926 | T45: 0.019103 | U45: 0.018973 | V45: 0.018834 | W45: 0.018684 | X45: 0.018534 | Y45: 0.01838 | Z45: 0.018254 | AA45: 0.018132 | AB45: 0.01803 | AC45: 0.017928 | AD45: 0.017824 | AE45: 0.017703 | AF45: 0.017588 | AG45: 0.01748 | AH45: 0.017376 | AI45: 0.017285 | AJ45: 0.017185 | AK45: 0.017098 | AL45: 0.017014 | AM45: -0.013974
A46: CKI000:ia_WaterHeating | B46: Water Heating 1/ | C46: 0.300335 | D46: 0.306441 | E46: 0.307774 | F46: 0.305597 | G46: 0.302178 | H46: 0.298868 | I46: 0.297736 | J46: 0.29812 | K46: 0.299124 | L46: 0.299963 | M46: 0.300453 | N46: 0.300883 | O46: 0.300126 | P46: 0.299815 | Q46: 0.300039 | R46: 0.300786 | S46: 0.301665 | T46: 0.302754 | U46: 0.304103 | V46: 0.305401 | W46: 0.306231 | X46: 0.307134 | Y46: 0.308025 | Z46: 0.309162 | AA46: 0.310345 | AB46: 0.311842 | AC46: 0.313343 | AD46: 0.314635 | AE46: 0.315545 | AF46: 0.316368 | AG46: 0.317203 | AH46: 0.318095 | AI46: 0.319061 | AJ46: 0.31993 | AK46: 0.320942 | AL46: 0.321787 | AM46: 0.001438
A47: CKI000:ia_Cooking | B47: Cooking | C47: 0.307005 | D47: 0.316486 | E47: 0.320955 | F47: 0.321977 | G47: 0.321466 | H47: 0.321511 | I47: 0.323673 | J47: 0.327564 | K47: 0.332081 | L47: 0.336254 | M47: 0.339971 | N47: 0.343302 | O47: 0.345247 | P47: 0.347761 | Q47: 0.351061 | R47: 0.355069 | S47: 0.359161 | T47: 0.363513 | U47: 0.368203 | V47: 0.372902 | W47: 0.377104 | X47: 0.381333 | Y47: 0.38553 | Z47: 0.390018 | AA47: 0.394166 | AB47: 0.398652 | AC47: 0.403157 | AD47: 0.407446 | AE47: 0.411506 | AF47: 0.415508 | AG47: 0.419547 | AH47: 0.423678 | AI47: 0.427893 | AJ47: 0.431871 | AK47: 0.435965 | AL47: 0.439897 | AM47: 0.009731
A48: CKI000:ia_OtherUses | B48: Other Uses 3/ | C48: 1.026232 | D48: 0.943227 | E48: 0.965487 | F48: 0.959326 | G48: 0.949134 | H48: 0.940362 | I48: 0.937652 | J48: 0.946761 | K48: 0.959593 | L48: 0.973506 | M48: 0.989226 | N48: 1.007028 | O48: 1.022553 | P48: 1.039655 | Q48: 1.058565 | R48: 1.080129 | S48: 1.102665 | T48: 1.126507 | U48: 1.151706 | V48: 1.177127 | W48: 1.20211 | X48: 1.228212 | Y48: 1.255397 | Z48: 1.284112 | AA48: 1.313926 | AB48: 1.345763 | AC48: 1.37868 | AD48: 1.412835 | AE48: 1.448711 | AF48: 1.487147 | AG48: 1.525362 | AH48: 1.563631 | AI48: 1.602402 | AJ48: 1.640671 | AK48: 1.679127 | AL48: 1.717801 | AM48: 0.017789
A49: CKI000:ia_DeliveredEner | B49: Delivered Energy | C49: 3.301152 | D49: 3.226752 | E49: 3.325834 | F49: 3.318756 | G49: 3.273736 | H49: 3.232385 | I49: 3.214168 | J49: 3.21874 | K49: 3.225004 | L49: 3.231071 | M49: 3.237042 | N49: 3.244271 | O49: 3.244186 | P49: 3.247428 | Q49: 3.255235 | R49: 3.269132 | S49: 3.285259 | T49: 3.304047 | U49: 3.325924 | V49: 3.347447 | W49: 3.364423 | X49: 3.383347 | Y49: 3.403905 | Z49: 3.427597 | AA49: 3.452042 | AB49: 3.480521 | AC49: 3.509968 | AD49: 3.53896 | AE49: 3.567882 | AF49: 3.598798 | AG49: 3.629244 | AH49: 3.660043 | AI49: 3.69194 | AJ49: 3.722347 | AK49: 3.753978 | AL49: 3.785122 | AM49: 0.004705
B51: Distillate Fuel Oil
A52: CKI000:ja_SpaceHeating | B52: Space Heating 1/ | C52: 0.242525 | D52: 0.244072 | E52: 0.258098 | F52: 0.248054 | G52: 0.241326 | H52: 0.237501 | I52: 0.235009 | J52: 0.23285 | K52: 0.230393 | L52: 0.227843 | M52: 0.224901 | N52: 0.222025 | O52: 0.219431 | P52: 0.21726 | Q52: 0.215069 | R52: 0.212543 | S52: 0.209906 | T52: 0.207217 | U52: 0.205061 | V52: 0.202942 | W52: 0.200874 | X52: 0.198467 | Y52: 0.196341 | Z52: 0.194397 | AA52: 0.192355 | AB52: 0.190343 | AC52: 0.188495 | AD52: 0.186798 | AE52: 0.185174 | AF52: 0.18352 | AG52: 0.181816 | AH52: 0.179955 | AI52: 0.177973 | AJ52: 0.176075 | AK52: 0.174239 | AL52: 0.172316 | AM52: -0.010187
A53: CKI000:ja_WaterHeating | B53: Water Heating 1/ | C53: 0.001245 | D53: 0.001335 | E53: 0.001358 | F53: 0.001336 | G53: 0.001313 | H53: 0.001304 | I53: 0.001303 | J53: 0.001304 | K53: 0.001304 | L53: 0.001304 | M53: 0.001302 | N53: 0.0013 | O53: 0.0013 | P53: 0.001302 | Q53: 0.001304 | R53: 0.001303 | S53: 0.001302 | T53: 0.0013 | U53: 0.001302 | V53: 0.001304 | W53: 0.001306 | X53: 0.001306 | Y53: 0.001307 | Z53: 0.00131 | AA53: 0.001312 | AB53: 0.001314 | AC53: 0.001317 | AD53: 0.001321 | AE53: 0.001326 | AF53: 0.001331 | AG53: 0.001335 | AH53: 0.001337 | AI53: 0.001339 | AJ53: 0.001342 | AK53: 0.001345 | AL53: 0.001348 | AM53: 0.000277
A54: CKI000:ja_OtherUses | B54: Other Uses 4/ | C54: 0.10057 | D54: 0.161093 | E54: 0.182962 | F54: 0.180083 | G54: 0.176907 | H54: 0.175788 | I54: 0.175655 | J54: 0.17585 | K54: 0.175804 | L54: 0.175608 | M54: 0.175067 | N54: 0.174557 | O54: 0.174247 | P54: 0.174299 | Q54: 0.174308 | R54: 0.174037 | S54: 0.173659 | T54: 0.173234 | U54: 0.173247 | V54: 0.17326 | W54: 0.173345 | X54: 0.173121 | Y54: 0.173146 | Z54: 0.173306 | AA54: 0.173389 | AB54: 0.173486 | AC54: 0.173717 | AD54: 0.174112 | AE54: 0.174554 | AF54: 0.174977 | AG54: 0.17532 | AH54: 0.175544 | AI54: 0.175651 | AJ54: 0.175835 | AK54: 0.176043 | AL54: 0.176163 | AM54: 0.002634
A55: CKI000:ja_DeliveredEner | B55: Delivered Energy | C55: 0.34434 | D55: 0.4065 | E55: 0.442418 | F55: 0.429474 | G55: 0.419545 | H55: 0.414594 | I55: 0.411966 | J55: 0.410003 | K55: 0.407501 | L55: 0.404755 | M55: 0.40127 | N55: 0.397883 | O55: 0.394978 | P55: 0.392861 | Q55: 0.39068 | R55: 0.387884 | S55: 0.384867 | T55: 0.381752 | U55: 0.37961 | V55: 0.377507 | W55: 0.375526 | X55: 0.372894 | Y55: 0.370794 | Z55: 0.369013 | AA55: 0.367057 | AB55: 0.365144 | AC55: 0.363529 | AD55: 0.362232 | AE55: 0.361054 | AF55: 0.359828 | AG55: 0.35847 | AH55: 0.356836 | AI55: 0.354963 | AJ55: 0.353253 | AK55: 0.351628 | AL55: 0.349827 | AM55: -0.004406
A57: CKI000:ka_MarketedRenew | B57: Marketed Renewables (biomass) | C57: 0.131479 | D57: 0.131479 | E57: 0.131479 | F57: 0.131479 | G57: 0.131479 | H57: 0.131479 | I57: 0.131479 | J57: 0.131479 | K57: 0.131479 | L57: 0.131479 | M57: 0.131479 | N57: 0.131479 | O57: 0.131479 | P57: 0.131479 | Q57: 0.131479 | R57: 0.131479 | S57: 0.131479 | T57: 0.131479 | U57: 0.131479 | V57: 0.131479 | W57: 0.131479 | X57: 0.131479 | Y57: 0.131479 | Z57: 0.131479 | AA57: 0.131479 | AB57: 0.131479 | AC57: 0.131479 | AD57: 0.131479 | AE57: 0.131479 | AF57: 0.131479 | AG57: 0.131479 | AH57: 0.131479 | AI57: 0.131479 | AJ57: 0.131479 | AK57: 0.131479 | AL57: 0.131479 | AM57: 0
A58: CKI000:ka_OtherFuels | B58: Other Fuels 5/ | C58: 0.257521 | D58: 0.35941 | E58: 0.324817 | F58: 0.320224 | G58: 0.329993 | H58: 0.345586 | I58: 0.362976 | J58: 0.363946 | K58: 0.364315 | L58: 0.366315 | M58: 0.367764 | N58: 0.369496 | O58: 0.372364 | P58: 0.376553 | Q58: 0.379184 | R58: 0.38052 | S58: 0.380823 | T58: 0.381314 | U58: 0.385941 | V58: 0.387661 | W58: 0.390901 | X58: 0.390936 | Y58: 0.394305 | Z58: 0.396873 | AA58: 0.398056 | AB58: 0.400798 | AC58: 0.403092 | AD58: 0.407209 | AE58: 0.410582 | AF58: 0.413829 | AG58: 0.417404 | AH58: 0.420086 | AI58: 0.42248 | AJ58: 0.425675 | AK58: 0.428632 | AL58: 0.430564 | AM58: 0.005327
B60: Delivered Energy Consumption by End Use
A61: CKI000:la_SpaceHeating | B61: Space Heating 1/ | C61: 2.001016 | D61: 1.991958 | E61: 2.085513 | F61: 2.075733 | G61: 2.037168 | H61: 2.002959 | I61: 1.98273 | J61: 1.970477 | K61: 1.955767 | L61: 1.940481 | M61: 1.923645 | N61: 1.906391 | O61: 1.887095 | P61: 1.869019 | Q61: 1.852375 | R61: 1.837572 | S61: 1.823735 | T61: 1.810775 | U61: 1.7995 | V61: 1.787795 | W61: 1.772927 | X61: 1.758426 | Y61: 1.744844 | Z61: 1.732531 | AA61: 1.720118 | AB61: 1.709061 | AC61: 1.698065 | AD61: 1.685917 | AE61: 1.67266 | AF61: 1.658946 | AG61: 1.644935 | AH61: 1.630928 | AI61: 1.617218 | AJ61: 1.602948 | AK61: 1.589508 | AL61: 1.575557 | AM61: -0.006874
A62: CKI000:la_SpaceCooling | B62: Space Cooling 1/ | C62: 0.565307 | D62: 0.579889 | E62: 0.518417 | F62: 0.533229 | G62: 0.530914 | H62: 0.527526 | I62: 0.524875 | J62: 0.520903 | K62: 0.518305 | L62: 0.516817 | M62: 0.514779 | N62: 0.512607 | O62: 0.511042 | P62: 0.510127 | Q62: 0.509513 | R62: 0.508417 | S62: 0.5078 | T62: 0.507595 | U62: 0.507818 | V62: 0.508029 | W62: 0.508051 | X62: 0.507907 | Y62: 0.507798 | Z62: 0.508042 | AA62: 0.508377 | AB62: 0.508828 | AC62: 0.509518 | AD62: 0.51024 | AE62: 0.510701 | AF62: 0.511146 | AG62: 0.511708 | AH62: 0.512496 | AI62: 0.513439 | AJ62: 0.514314 | AK62: 0.515433 | AL62: 0.516742 | AM62: -0.003385
A63: CKI000:la_WaterHeating | B63: Water Heating 1/ | C63: 0.31843 | D63: 0.324579 | E63: 0.325857 | F63: 0.323568 | G63: 0.320004 | H63: 0.316532 | I63: 0.315263 | J63: 0.315475 | K63: 0.316319 | L63: 0.317034 | M63: 0.31739 | N63: 0.317675 | O63: 0.316787 | P63: 0.316363 | Q63: 0.316479 | R63: 0.31707 | S63: 0.317803 | T63: 0.318755 | U63: 0.319981 | V63: 0.321159 | W63: 0.321861 | X63: 0.32263 | Y63: 0.323398 | Z63: 0.324417 | AA63: 0.325487 | AB63: 0.326873 | AC63: 0.32827 | AD63: 0.32946 | AE63: 0.330263 | AF63: 0.330979 | AG63: 0.331708 | AH63: 0.332496 | AI63: 0.333359 | AJ63: 0.334129 | AK63: 0.335045 | AL63: 0.335794 | AM63: 0.001
A64: CKI000:la_Ventilation | B64: Ventilation | C64: 0.520373 | D64: 0.519781 | E64: 0.518622 | F64: 0.517425 | G64: 0.51517 | H64: 0.510933 | I64: 0.507199 | J64: 0.500866 | K64: 0.495755 | L64: 0.492381 | M64: 0.488387 | N64: 0.476113 | O64: 0.465019 | P64: 0.455059 | Q64: 0.445953 | R64: 0.436851 | S64: 0.428627 | T64: 0.421193 | U64: 0.414522 | V64: 0.408437 | W64: 0.402566 | X64: 0.397058 | Y64: 0.392136 | Z64: 0.387738 | AA64: 0.383791 | AB64: 0.379404 | AC64: 0.375572 | AD64: 0.372041 | AE64: 0.368746 | AF64: 0.365734 | AG64: 0.363124 | AH64: 0.360929 | AI64: 0.35909 | AJ64: 0.357642 | AK64: 0.356553 | AL64: 0.355715 | AM64: -0.011093
A65: CKI000:la_Cooking | B65: Cooking | C65: 0.390005 | D65: 0.398862 | E65: 0.40266 | F65: 0.403147 | G65: 0.401991 | H65: 0.40133 | I65: 0.402821 | J65: 0.405831 | K65: 0.409555 | L65: 0.413145 | M65: 0.416216 | N65: 0.418868 | O65: 0.420207 | P65: 0.4222 | Q65: 0.42502 | R65: 0.428554 | S65: 0.432211 | T65: 0.436176 | U65: 0.440517 | V65: 0.444883 | W65: 0.44871 | X65: 0.452536 | Y65: 0.456356 | Z65: 0.460478 | AA65: 0.464266 | AB65: 0.468396 | AC65: 0.47256 | AD65: 0.476491 | AE65: 0.480169 | AF65: 0.483773 | AG65: 0.487412 | AH65: 0.491147 | AI65: 0.494961 | AJ65: 0.498535 | AK65: 0.502226 | AL65: 0.505748 | AM65: 0.007007
A66: CKI000:la_Lighting | B66: Lighting | C66: 0.523999 | D66: 0.510052 | E66: 0.500124 | F66: 0.493548 | G66: 0.488328 | H66: 0.472094 | I66: 0.459182 | J66: 0.441689 | K66: 0.427613 | L66: 0.416762 | M66: 0.407285 | N66: 0.398911 | O66: 0.392037 | P66: 0.386517 | Q66: 0.38195 | R66: 0.3684 | S66: 0.356894 | T66: 0.347163 | U66: 0.338905 | V66: 0.331818 | W66: 0.325463 | X66: 0.319859 | Y66: 0.314587 | Z66: 0.310031 | AA66: 0.306067 | AB66: 0.298299 | AC66: 0.291688 | AD66: 0.285767 | AE66: 0.280359 | AF66: 0.275531 | AG66: 0.271385 | AH66: 0.267902 | AI66: 0.264944 | AJ66: 0.262466 | AK66: 0.260421 | AL66: 0.25866 | AM66: -0.019772
A67: CKI000:la_Refrigeration | B67: Refrigeration | C67: 0.634089 | D67: 0.639811 | E67: 0.645964 | F67: 0.644753 | G67: 0.643874 | H67: 0.644182 | I67: 0.645211 | J67: 0.640736 | K67: 0.637345 | L67: 0.635446 | M67: 0.629494 | N67: 0.624394 | O67: 0.620554 | P67: 0.617923 | Q67: 0.616277 | R67: 0.610648 | S67: 0.606281 | T67: 0.603043 | U67: 0.600864 | V67: 0.599553 | W67: 0.598758 | X67: 0.598455 | Y67: 0.598734 | Z67: 0.599573 | AA67: 0.600909 | AB67: 0.602353 | AC67: 0.604222 | AD67: 0.606346 | AE67: 0.608658 | AF67: 0.611157 | AG67: 0.613924 | AH67: 0.616966 | AI67: 0.620152 | AJ67: 0.623478 | AK67: 0.626939 | AL67: 0.630416 | AM67: -0.000435
A68: CKI000:la_OfficeEquipme | B68: Office Equipment (PC) | C68: 0.365338 | D68: 0.354525 | E68: 0.34452 | F68: 0.335385 | G68: 0.327694 | H68: 0.320629 | I68: 0.31426 | J68: 0.308729 | K68: 0.303907 | L68: 0.299945 | M68: 0.296641 | N68: 0.294006 | O68: 0.291796 | P68: 0.290475 | Q68: 0.289575 | R68: 0.289021 | S68: 0.288927 | T68: 0.289278 | U68: 0.289624 | V68: 0.289964 | W68: 0.290707 | X68: 0.291398 | Y68: 0.292078 | Z68: 0.292258 | AA68: 0.292422 | AB68: 0.292036 | AC68: 0.291643 | AD68: 0.290173 | AE68: 0.288631 | AF68: 0.285997 | AG68: 0.282804 | AH68: 0.278518 | AI68: 0.273081 | AJ68: 0.266489 | AK68: 0.258721 | AL68: 0.249728 | AM68: -0.010253
A69: CKI000:ma_OfficeEquipme | B69: Office Equipment (non-PC) | C69: 0.22496 | D69: 0.230237 | E69: 0.234301 | F69: 0.237364 | G69: 0.238984 | H69: 0.240379 | I69: 0.242498 | J69: 0.245123 | K69: 0.24846 | L69: 0.253126 | M69: 0.258468 | N69: 0.264748 | O69: 0.270886 | P69: 0.276642 | Q69: 0.282235 | R69: 0.287573 | S69: 0.292722 | T69: 0.297654 | U69: 0.302654 | V69: 0.307184 | W69: 0.311956 | X69: 0.316713 | Y69: 0.321498 | Z69: 0.326062 | AA69: 0.330953 | AB69: 0.336136 | AC69: 0.341378 | AD69: 0.347213 | AE69: 0.353069 | AF69: 0.359255 | AG69: 0.366109 | AH69: 0.373356 | AI69: 0.380948 | AJ69: 0.389212 | AK69: 0.398468 | AL69: 0.408096 | AM69: 0.016978
A70: CKI000:ma_OtherUses | B70: Other Uses 6/ | C70: 3.125899 | D70: 3.215455 | E70: 3.245694 | F70: 3.254006 | G70: 3.272375 | H70: 3.2998 | I70: 3.337164 | J70: 3.372945 | K70: 3.413825 | L70: 3.459322 | M70: 3.505226 | N70: 3.554095 | O70: 3.603196 | P70: 3.655952 | Q70: 3.710198 | R70: 3.766412 | S70: 3.822996 | T70: 3.882647 | U70: 3.949079 | V70: 4.014808 | W70: 4.082306 | X70: 4.147949 | Y70: 4.220228 | Z70: 4.294396 | AA70: 4.369367 | AB70: 4.449541 | AC70: 4.53197 | AD70: 4.619161 | AE70: 4.709095 | AF70: 4.803121 | AG70: 4.89762 | AH70: 4.993944 | AI70: 5.091087 | AJ70: 5.190915 | AK70: 5.292283 | AL70: 5.39531 | AM70: 0.015339
A71: CKI000:ma_DeliveredEner | B71: Delivered Energy | C71: 8.669416 | D71: 8.765149 | E71: 8.821673 | F71: 8.818159 | G71: 8.776501 | H71: 8.736363 | I71: 8.731203 | J71: 8.722775 | K71: 8.72685 | L71: 8.744458 | M71: 8.757532 | N71: 8.767808 | O71: 8.778619 | P71: 8.800276 | Q71: 8.829575 | R71: 8.850518 | S71: 8.877995 | T71: 8.91428 | U71: 8.963465 | V71: 9.01363 | W71: 9.063306 | X71: 9.11293 | Y71: 9.171656 | Z71: 9.235524 | AA71: 9.301757 | AB71: 9.370927 | AC71: 9.444884 | AD71: 9.522808 | AE71: 9.602351 | AF71: 9.685638 | AG71: 9.770729 | AH71: 9.858681 | AI71: 9.94828 | AJ71: 10.04013 | AK71: 10.135597 | AL71: 10.231766 | AM71: 0.004561
A73: CKI000:na_ElectricityRe | B73: Electricity Related Losses | C73: 9.28633 | D73: 9.055526 | E73: 9.010788 | F73: 8.963281 | G73: 9.002319 | H73: 9.031188 | I73: 9.018705 | J73: 8.983305 | K73: 8.978977 | L73: 8.957599 | M73: 8.908816 | N73: 8.827955 | O73: 8.785245 | P73: 8.748608 | Q73: 8.73711 | R73: 8.712185 | S73: 8.708842 | T73: 8.70086 | U73: 8.73236 | V73: 8.721922 | W73: 8.702349 | X73: 8.74434 | Y73: 8.742889 | Z73: 8.774091 | AA73: 8.81265 | AB73: 8.867764 | AC73: 8.913669 | AD73: 8.967233 | AE73: 9.035265 | AF73: 9.085917 | AG73: 9.11427 | AH73: 9.165364 | AI73: 9.21339 | AJ73: 9.28372 | AK73: 9.370248 | AL73: 9.408298 | AM73: 0.001125
B75: Total Energy Consumption by End Use
A76: CKI000:oa_SpaceHeating | B76: Space Heating 1/ | C76: 2.236663 | D76: 2.215842 | E76: 2.317169 | F76: 2.306341 | G76: 2.265755 | H76: 2.229569 | I76: 2.206005 | J76: 2.190445 | K76: 2.174919 | L76: 2.158303 | M76: 2.139496 | N76: 2.119527 | O76: 2.098361 | P76: 2.078504 | Q76: 2.060579 | R76: 2.04472 | S76: 2.030203 | T76: 2.016293 | U76: 2.004891 | V76: 1.992001 | W76: 1.9755 | X76: 1.960698 | Y76: 1.94574 | Z76: 1.932799 | AA76: 1.919904 | AB76: 1.908838 | AC76: 1.897529 | AD76: 1.885089 | AE76: 1.871753 | AF76: 1.857507 | AG76: 1.842517 | AH76: 1.827931 | AI76: 1.813543 | AJ76: 1.798984 | AK76: 1.785521 | AL76: 1.77039 | AM76: -0.006579
A77: CKI000:oa_SpaceCooling | B77: Space Cooling 1/ | C77: 1.644425 | D77: 1.657801 | E77: 1.490676 | F77: 1.523515 | G77: 1.521267 | H77: 1.517536 | I77: 1.509456 | J77: 1.496927 | K77: 1.48919 | L77: 1.480379 | M77: 1.467746 | N77: 1.452273 | O77: 1.44151 | P77: 1.432197 | Q77: 1.425466 | R77: 1.418411 | S77: 1.413891 | T77: 1.408907 | U77: 1.408304 | V77: 1.402607 | W77: 1.395089 | X77: 1.393096 | Y77: 1.386216 | Z77: 1.383184 | AA77: 1.380626 | AB77: 1.380507 | AC77: 1.379487 | AD77: 1.378953 | AE77: 1.378769 | AF77: 1.376579 | AG77: 1.372316 | AH77: 1.370293 | AI77: 1.368293 | AJ77: 1.367817 | AK77: 1.369112 | AL77: 1.366205 | AM77: -0.005674
A78: CKI000:oa_WaterHeating | B78: Water Heating 1/ | C78: 0.35219 | D78: 0.357364 | E78: 0.35864 | F78: 0.355854 | G78: 0.352167 | H78: 0.348565 | I78: 0.346998 | J78: 0.346832 | K78: 0.347347 | L78: 0.347667 | M78: 0.347539 | N78: 0.347246 | O78: 0.345899 | P78: 0.345035 | Q78: 0.344779 | R78: 0.344949 | S78: 0.345319 | T78: 0.34588 | U78: 0.34683 | V78: 0.347592 | W78: 0.347823 | X78: 0.348299 | Y78: 0.348642 | Z78: 0.349334 | AA78: 0.350093 | AB78: 0.351235 | AC78: 0.352356 | AD78: 0.353281 | AE78: 0.353845 | AF78: 0.354265 | AG78: 0.354642 | AH78: 0.355128 | AI78: 0.355687 | AJ78: 0.356202 | AK78: 0.356902 | AL78: 0.357315 | AM78: -4e-06
A79: CKI000:oa_Ventilation | B79: Ventilation | C79: 1.562969 | D79: 1.533977 | E79: 1.53517 | F79: 1.521669 | G79: 1.518626 | H79: 1.51137 | I79: 1.499318 | J79: 1.479301 | K79: 1.463751 | L79: 1.448941 | M79: 1.430156 | N79: 1.384956 | O79: 1.346306 | P79: 1.310857 | Q79: 1.279751 | R79: 1.249823 | S79: 1.223598 | T79: 1.198333 | U79: 1.178101 | V79: 1.155335 | W79: 1.132266 | X79: 1.115264 | Y79: 1.095949 | Z79: 1.08054 | AA79: 1.066635 | AB79: 1.053244 | AC79: 1.040222 | AD79: 1.028392 | AE79: 1.018031 | AF79: 1.007036 | AG79: 0.995436 | AH79: 0.986239 | AI79: 0.977788 | AJ79: 0.971665 | AK79: 0.96735 | AL79: 0.960378 | AM79: -0.013679
A80: CKI000:oa_Cooking | B80: Cooking | C80: 0.556301 | D80: 0.559594 | E80: 0.562811 | F80: 0.560688 | G80: 0.558838 | H80: 0.55762 | I80: 0.557638 | J80: 0.558725 | K80: 0.560827 | L80: 0.562522 | M80: 0.56324 | N80: 0.563115 | O80: 0.562269 | P80: 0.562191 | Q80: 0.563302 | R80: 0.565308 | S80: 0.567695 | T80: 0.570247 | U80: 0.573726 | V80: 0.576513 | W80: 0.578506 | X80: 0.581331 | Y80: 0.583476 | Z80: 0.586374 | AA80: 0.588989 | AB80: 0.592263 | AC80: 0.595382 | AD80: 0.598301 | AE80: 0.601071 | AF80: 0.603473 | AG80: 0.605586 | AH80: 0.608037 | AI80: 0.610518 | AJ80: 0.612989 | AK80: 0.615736 | AL80: 0.617685 | AM80: 0.002909
A81: CKI000:oa_Lighting | B81: Lighting | C81: 1.573862 | D81: 1.505265 | E81: 1.480414 | F81: 1.451449 | G81: 1.439501 | H81: 1.396481 | I81: 1.357377 | J81: 1.304521 | K81: 1.262554 | L81: 1.226417 | M81: 1.192664 | N81: 1.160383 | O81: 1.13501 | P81: 1.113413 | Q81: 1.096083 | R81: 1.053986 | S81: 1.018824 | T81: 0.987709 | U81: 0.963194 | V81: 0.938606 | W81: 0.915405 | X81: 0.898427 | Y81: 0.879214 | Z81: 0.863988 | AA81: 0.850625 | AB81: 0.828091 | AC81: 0.807889 | AD81: 0.789913 | AE81: 0.774014 | AF81: 0.758664 | AG81: 0.743952 | AH81: 0.732042 | AI81: 0.721433 | AJ81: 0.713084 | AK81: 0.706538 | AL81: 0.698343 | AM81: -0.022335
A82: CKI000:oa_Refrigeration | B82: Refrigeration | C82: 1.904522 | D82: 1.888208 | E82: 1.912113 | F82: 1.896122 | G82: 1.898024 | H82: 1.905527 | I82: 1.907293 | J82: 1.892405 | K82: 1.881804 | L82: 1.869944 | M82: 1.843364 | N82: 1.816288 | O82: 1.796607 | P82: 1.780007 | Q82: 1.76853 | R82: 1.747052 | S82: 1.730746 | T82: 1.715711 | U82: 1.707698 | V82: 1.695939 | W82: 1.684078 | X82: 1.680952 | Y82: 1.673356 | Z82: 1.670876 | AA82: 1.670052 | AB82: 1.672158 | AC82: 1.673515 | AD82: 1.676052 | AE82: 1.68038 | AF82: 1.682798 | AG82: 1.682959 | AH82: 1.685864 | AI82: 1.688649 | AJ82: 1.693903 | AK82: 1.700923 | AL82: 1.702029 | AM82: -0.003048
A83: CKI000:oa_OfficeEquipme | B83: Office Equipment (PC) | C83: 1.097314 | D83: 1.046273 | E83: 1.019811 | F83: 0.986318 | G83: 0.965983 | H83: 0.948438 | I83: 0.928975 | J83: 0.911826 | K83: 0.897305 | L83: 0.882655 | M83: 0.868661 | N83: 0.855227 | O83: 0.844797 | P83: 0.83675 | Q83: 0.830995 | R83: 0.826884 | S83: 0.824799 | T83: 0.823021 | U83: 0.823133 | V83: 0.820213 | W83: 0.817649 | X83: 0.818486 | Y83: 0.816305 | Z83: 0.814458 | AA83: 0.812702 | AB83: 0.810705 | AC83: 0.807763 | AD83: 0.802093 | AE83: 0.796852 | AF83: 0.787481 | AG83: 0.775255 | AH83: 0.761052 | AI83: 0.743588 | AJ83: 0.724015 | AK83: 0.701927 | AL83: 0.67423 | AM83: -0.012841
A84: CKI000:pa_OfficeEquipme | B84: Office Equipment (non-PC) | C84: 0.675681 | D84: 0.679474 | E84: 0.693553 | F84: 0.698053 | G84: 0.704481 | H84: 0.711055 | I84: 0.716843 | J84: 0.723967 | K84: 0.733594 | L84: 0.74488 | M84: 0.75688 | N84: 0.770119 | O84: 0.784259 | P84: 0.796904 | Q84: 0.809931 | R84: 0.82274 | S84: 0.835632 | T84: 0.846852 | U84: 0.860165 | V84: 0.868922 | W84: 0.877415 | X84: 0.889589 | Y84: 0.898528 | Z84: 0.908662 | AA84: 0.919787 | AB84: 0.933128 | AC84: 0.945517 | AD84: 0.959761 | AE84: 0.974752 | AF84: 0.989195 | AG84: 1.003621 | AH84: 1.020198 | AI84: 1.037307 | AJ84: 1.057436 | AK84: 1.08107 | AL84: 1.101799 | AM84: 0.014319
A85: CKI000:pa_OtherUses | B85: Other Uses 6/ | C85: 6.35182 | D85: 6.376877 | E85: 6.462103 | F85: 6.481432 | G85: 6.554178 | H85: 6.64139 | I85: 6.720004 | J85: 6.80113 | K85: 6.894536 | L85: 6.980349 | M85: 7.056602 | N85: 7.12663 | O85: 7.208844 | P85: 7.293028 | Q85: 7.387269 | R85: 7.488829 | S85: 7.596131 | T85: 7.702188 | U85: 7.829783 | V85: 7.937825 | W85: 8.041921 | X85: 8.171128 | Y85: 8.287119 | Z85: 8.419399 | AA85: 8.554993 | AB85: 8.708523 | AC85: 8.858894 | AD85: 9.018208 | AE85: 9.18815 | AF85: 9.354561 | AG85: 9.508717 | AH85: 9.677259 | AI85: 9.844865 | AJ85: 10.027754 | AK85: 10.220766 | AL85: 10.39169 | AM85: 0.014466
A86: CKI000:pa_Total | B86: Total | C86: 17.955746 | D86: 17.820675 | E86: 17.832462 | F86: 17.781441 | G86: 17.77882 | H86: 17.767551 | I86: 17.749908 | J86: 17.706079 | K86: 17.705826 | L86: 17.702057 | M86: 17.666348 | N86: 17.595764 | O86: 17.563864 | P86: 17.548883 | Q86: 17.566685 | R86: 17.562702 | S86: 17.586838 | T86: 17.615139 | U86: 17.695824 | V86: 17.735552 | W86: 17.765656 | X86: 17.857269 | Y86: 17.914545 | Z86: 18.009615 | AA86: 18.114407 | AB86: 18.238691 | AC86: 18.358553 | AD86: 18.49004 | AE86: 18.637615 | AF86: 18.771557 | AG86: 18.884998 | AH86: 19.024044 | AI86: 19.161671 | AJ86: 19.323849 | AK86: 19.505844 | AL86: 19.640064 | AM86: 0.002863
B88: Nonmarketed Renewable Fuels 7/
A89: CKI000:qa_SolarThermal | B89: Solar Thermal | C89: 0.07146 | D89: 0.071973 | E89: 0.072461 | F89: 0.072886 | G89: 0.073304 | H89: 0.073754 | I89: 0.074157 | J89: 0.074449 | K89: 0.074738 | L89: 0.075016 | M89: 0.075289 | N89: 0.075575 | O89: 0.075862 | P89: 0.076139 | Q89: 0.076408 | R89: 0.076884 | S89: 0.077343 | T89: 0.077783 | U89: 0.078205 | V89: 0.078609 | W89: 0.079001 | X89: 0.079378 | Y89: 0.079737 | Z89: 0.08008 | AA89: 0.080409 | AB89: 0.080726 | AC89: 0.081029 | AD89: 0.081326 | AE89: 0.081614 | AF89: 0.08189 | AG89: 0.082157 | AH89: 0.082431 | AI89: 0.082696 | AJ89: 0.082963 | AK89: 0.083215 | AL89: 0.083458 | AM89: 0.004364
A90: CKI000:qa_SolarPhotovol | B90: Solar Photovoltaic | C90: 0.076214 | D90: 0.084266 | E90: 0.093523 | F90: 0.104258 | G90: 0.116869 | H90: 0.129819 | I90: 0.142795 | J90: 0.154472 | K90: 0.159506 | L90: 0.165423 | M90: 0.17324 | N90: 0.182771 | O90: 0.1939 | P90: 0.206678 | Q90: 0.221097 | R90: 0.237101 | S90: 0.254155 | T90: 0.272095 | U90: 0.290727 | V90: 0.31008 | W90: 0.330108 | X90: 0.350547 | Y90: 0.371347 | Z90: 0.392501 | AA90: 0.414031 | AB90: 0.43588 | AC90: 0.457922 | AD90: 0.480207 | AE90: 0.502803 | AF90: 0.525708 | AG90: 0.548922 | AH90: 0.572242 | AI90: 0.595674 | AJ90: 0.619204 | AK90: 0.642829 | AL90: 0.666568 | AM90: 0.062716
A91: CKI000:qa_EKnowitzWindy | B91: Wind | C91: 0.006393 | D91: 0.00641 | E91: 0.00641 | F91: 0.006411 | G91: 0.006412 | H91: 0.006415 | I91: 0.00642 | J91: 0.006436 | K91: 0.006475 | L91: 0.006554 | M91: 0.006703 | N91: 0.006958 | O91: 0.007317 | P91: 0.007761 | Q91: 0.00827 | R91: 0.008839 | S91: 0.009447 | T91: 0.010103 | U91: 0.010812 | V91: 0.011562 | W91: 0.01235 | X91: 0.013171 | Y91: 0.014037 | Z91: 0.014982 | AA91: 0.015966 | AB91: 0.017233 | AC91: 0.018545 | AD91: 0.019929 | AE91: 0.021406 | AF91: 0.022977 | AG91: 0.024547 | AH91: 0.026117 | AI91: 0.027708 | AJ91: 0.02926 | AK91: 0.030743 | AL91: 0.032327 | AM91: 0.048741
A92: CKI000:qa_TotalSolar | B92: Total | C92: 0.154067 | D92: 0.162649 | E92: 0.172394 | F92: 0.183555 | G92: 0.196586 | H92: 0.209988 | I92: 0.223372 | J92: 0.235357 | K92: 0.240719 | L92: 0.246994 | M92: 0.255231 | N92: 0.265304 | O92: 0.277079 | P92: 0.290578 | Q92: 0.305774 | R92: 0.322824 | S92: 0.340945 | T92: 0.35998 | U92: 0.379744 | V92: 0.400251 | W92: 0.421459 | X92: 0.443095 | Y92: 0.465121 | Z92: 0.487563 | AA92: 0.510406 | AB92: 0.533839 | AC92: 0.557496 | AD92: 0.581462 | AE92: 0.605824 | AF92: 0.630576 | AG92: 0.655626 | AH92: 0.68079 | AI92: 0.706077 | AJ92: 0.731427 | AK92: 0.756787 | AL92: 0.782352 | AM92: 0.047281
B94: Heating Degree Days
A95: CKI000:hdd_NewEngland | B95: New England | C95: 6514 | D95: 5995 | E95: 6371 | F95: 6184 | G95: 6167 | H95: 6150 | I95: 6133 | J95: 6116 | K95: 6099 | L95: 6082 | M95: 6065 | N95: 6048 | O95: 6031 | P95: 6014 | Q95: 5997 | R95: 5980 | S95: 5963 | T95: 5946 | U95: 5929 | V95: 5912 | W95: 5895 | X95: 5878 | Y95: 5860 | Z95: 5843 | AA95: 5826 | AB95: 5809 | AC95: 5792 | AD95: 5774 | AE95: 5757 | AF95: 5740 | AG95: 5723 | AH95: 5706 | AI95: 5689 | AJ95: 5671 | AK95: 5654 | AL95: 5637 | AM95: -0.001809
A96: CKI000:hdd_MiddleAtlant | B96: Middle Atlantic | C96: 5774 | D96: 5442 | E96: 5663 | F96: 5582 | G96: 5568 | H96: 5554 | I96: 5540 | J96: 5526 | K96: 5511 | L96: 5497 | M96: 5483 | N96: 5469 | O96: 5455 | P96: 5440 | Q96: 5426 | R96: 5412 | S96: 5398 | T96: 5384 | U96: 5369 | V96: 5355 | W96: 5341 | X96: 5327 | Y96: 5313 | Z96: 5299 | AA96: 5285 | AB96: 5271 | AC96: 5257 | AD96: 5243 | AE96: 5229 | AF96: 5215 | AG96: 5202 | AH96: 5188 | AI96: 5174 | AJ96: 5160 | AK96: 5146 | AL96: 5132 | AM96: -0.001724
A97: CKI000:hdd_EastNorthCen | B97: East North Central | C97: 6169 | D97: 5913 | E97: 6192 | F97: 6233 | G97: 6230 | H97: 6226 | I97: 6223 | J97: 6220 | K97: 6216 | L97: 6213 | M97: 6210 | N97: 6206 | O97: 6203 | P97: 6200 | Q97: 6196 | R97: 6193 | S97: 6190 | T97: 6186 | U97: 6183 | V97: 6180 | W97: 6177 | X97: 6173 | Y97: 6170 | Z97: 6167 | AA97: 6163 | AB97: 6160 | AC97: 6157 | AD97: 6153 | AE97: 6150 | AF97: 6147 | AG97: 6143 | AH97: 6140 | AI97: 6137 | AJ97: 6133 | AK97: 6130 | AL97: 6127 | AM97: 0.001046
A98: CKI000:hdd_WestNorthCen | B98: West North Central | C98: 6093 | D98: 6067 | E98: 6429 | F98: 6521 | G98: 6521 | H98: 6520 | I98: 6520 | J98: 6519 | K98: 6518 | L98: 6518 | M98: 6517 | N98: 6515 | O98: 6514 | P98: 6513 | Q98: 6512 | R98: 6510 | S98: 6509 | T98: 6508 | U98: 6506 | V98: 6505 | W98: 6504 | X98: 6502 | Y98: 6501 | Z98: 6499 | AA98: 6498 | AB98: 6496 | AC98: 6494 | AD98: 6493 | AE98: 6491 | AF98: 6490 | AG98: 6488 | AH98: 6486 | AI98: 6484 | AJ98: 6483 | AK98: 6481 | AL98: 6479 | AM98: 0.001934
A99: CKI000:hdd_SouthAtlantc | B99: South Atlantic | C99: 2487 | D99: 2591 | E99: 2619 | F99: 2605 | G99: 2597 | H99: 2589 | I99: 2582 | J99: 2574 | K99: 2566 | L99: 2559 | M99: 2551 | N99: 2543 | O99: 2536 | P99: 2528 | Q99: 2521 | R99: 2513 | S99: 2505 | T99: 2498 | U99: 2490 | V99: 2483 | W99: 2475 | X99: 2468 | Y99: 2461 | Z99: 2453 | AA99: 2446 | AB99: 2439 | AC99: 2432 | AD99: 2424 | AE99: 2417 | AF99: 2410 | AG99: 2404 | AH99: 2397 | AI99: 2390 | AJ99: 2383 | AK99: 2376 | AL99: 2369 | AM99: -0.002631
A100: CKI000:hdd_EastSouthCen | B100: East South Central | C100: 3217 | D100: 3316 | E100: 3393 | F100: 3425 | G100: 3423 | H100: 3421 | I100: 3419 | J100: 3418 | K100: 3416 | L100: 3414 | M100: 3413 | N100: 3411 | O100: 3409 | P100: 3408 | Q100: 3406 | R100: 3404 | S100: 3403 | T100: 3401 | U100: 3399 | V100: 3397 | W100: 3395 | X100: 3394 | Y100: 3392 | Z100: 3390 | AA100: 3388 | AB100: 3386 | AC100: 3384 | AD100: 3383 | AE100: 3381 | AF100: 3379 | AG100: 3377 | AH100: 3375 | AI100: 3374 | AJ100: 3372 | AK100: 3370 | AL100: 3368 | AM100: 0.000458
A101: CKI000:hdd_WestSouthCen | B101: West South Central | C101: 2089 | D101: 1903 | E101: 2019 | F101: 2071 | G101: 2065 | H101: 2059 | I101: 2054 | J101: 2049 | K101: 2043 | L101: 2038 | M101: 2033 | N101: 2027 | O101: 2022 | P101: 2017 | Q101: 2011 | R101: 2006 | S101: 2001 | T101: 1996 | U101: 1991 | V101: 1986 | W101: 1980 | X101: 1975 | Y101: 1970 | Z101: 1965 | AA101: 1960 | AB101: 1955 | AC101: 1950 | AD101: 1945 | AE101: 1940 | AF101: 1935 | AG101: 1930 | AH101: 1924 | AI101: 1919 | AJ101: 1914 | AK101: 1909 | AL101: 1904 | AM101: 1.5e-05
A102: CKI000:hdd_Mountain | B102: Mountain | C102: 4602 | D102: 4670 | E102: 4743 | F102: 4897 | G102: 4888 | H102: 4878 | I102: 4868 | J102: 4858 | K102: 4847 | L102: 4836 | M102: 4826 | N102: 4815 | O102: 4804 | P102: 4793 | Q102: 4781 | R102: 4770 | S102: 4758 | T102: 4746 | U102: 4734 | V102: 4722 | W102: 4709 | X102: 4697 | Y102: 4684 | Z102: 4672 | AA102: 4659 | AB102: 4647 | AC102: 4634 | AD102: 4622 | AE102: 4609 | AF102: 4597 | AG102: 4584 | AH102: 4572 | AI102: 4559 | AJ102: 4547 | AK102: 4534 | AL102: 4522 | AM102: -0.000947
A103: CKI000:hdd_Pacific | B103: Pacific | C103: 2889 | D103: 2941 | E103: 3057 | F103: 3342 | G103: 3336 | H103: 3329 | I103: 3322 | J103: 3315 | K103: 3308 | L103: 3301 | M103: 3294 | N103: 3287 | O103: 3280 | P103: 3273 | Q103: 3266 | R103: 3260 | S103: 3253 | T103: 3246 | U103: 3239 | V103: 3233 | W103: 3226 | X103: 3219 | Y103: 3213 | Z103: 3206 | AA103: 3200 | AB103: 3193 | AC103: 3186 | AD103: 3179 | AE103: 3173 | AF103: 3166 | AG103: 3159 | AH103: 3152 | AI103: 3145 | AJ103: 3138 | AK103: 3131 | AL103: 3124 | AM103: 0.001777
A104: CKI000:hdd_UnitedStates | B104: United States | C104: 4083.5996 | D104: 3988.9697 | E104: 4140.8877 | F104: 4191.8696 | G104: 4179.2559 | H104: 4166.3833 | I104: 4154.1919 | J104: 4141.8896 | K104: 4129.1392 | L104: 4117.1001 | M104: 4104.9756 | N104: 4092.4287 | O104: 4080.4604 | P104: 4068.2634 | Q104: 4056.0183 | R104: 4044.0342 | S104: 4031.9351 | T104: 4019.8652 | U104: 4007.5603 | V104: 3995.8267 | W104: 3983.5095 | X104: 3971.4749 | Y104: 3959.6147 | Z104: 3947.4331 | AA104: 3935.4648 | AB104: 3923.4619 | AC104: 3911.3589 | AD104: 3899.0593 | AE104: 3887.0881 | AF104: 3875.0837 | AG104: 3863.1201 | AH104: 3850.9368 | AI104: 3838.9233 | AJ104: 3826.9529 | AK104: 3815.1616 | AL104: 3803.5542 | AM104: -0.001399
B106: Cooling Degree Days
A107: CKI000:cdd_NewEngland | B107: New England | C107: 558 | D107: 631 | E107: 499 | F107: 550 | G107: 556 | H107: 562 | I107: 567 | J107: 573 | K107: 579 | L107: 585 | M107: 591 | N107: 596 | O107: 602 | P107: 608 | Q107: 614 | R107: 620 | S107: 625 | T107: 631 | U107: 637 | V107: 643 | W107: 649 | X107: 654 | Y107: 660 | Z107: 666 | AA107: 672 | AB107: 678 | AC107: 684 | AD107: 690 | AE107: 695 | AF107: 701 | AG107: 707 | AH107: 713 | AI107: 719 | AJ107: 725 | AK107: 731 | AL107: 737 | AM107: 0.004578
A108: CKI000:cdd_MiddleAtlant | B108: Middle Atlantic | C108: 804 | D108: 898 | E108: 735 | F108: 769 | G108: 776 | H108: 782 | I108: 789 | J108: 795 | K108: 802 | L108: 808 | M108: 815 | N108: 821 | O108: 828 | P108: 834 | Q108: 841 | R108: 847 | S108: 854 | T108: 860 | U108: 867 | V108: 873 | W108: 880 | X108: 886 | Y108: 892 | Z108: 899 | AA108: 905 | AB108: 912 | AC108: 918 | AD108: 925 | AE108: 931 | AF108: 937 | AG108: 944 | AH108: 950 | AI108: 957 | AJ108: 963 | AK108: 969 | AL108: 976 | AM108: 0.002453
A109: CKI000:cdd_EastNorthCen | B109: East North Central | C109: 728 | D109: 947 | E109: 797 | F109: 770 | G109: 772 | H109: 773 | I109: 775 | J109: 777 | K109: 779 | L109: 781 | M109: 782 | N109: 784 | O109: 786 | P109: 788 | Q109: 790 | R109: 792 | S109: 793 | T109: 795 | U109: 797 | V109: 799 | W109: 801 | X109: 803 | Y109: 805 | Z109: 806 | AA109: 808 | AB109: 810 | AC109: 812 | AD109: 814 | AE109: 816 | AF109: 818 | AG109: 819 | AH109: 821 | AI109: 823 | AJ109: 825 | AK109: 827 | AL109: 829 | AM109: -0.003906
A110: CKI000:cdd_WestNorthCen | B110: West North Central | C110: 940 | D110: 1056 | E110: 996 | F110: 965 | G110: 967 | H110: 969 | I110: 970 | J110: 972 | K110: 974 | L110: 976 | M110: 978 | N110: 980 | O110: 981 | P110: 983 | Q110: 985 | R110: 987 | S110: 989 | T110: 991 | U110: 993 | V110: 995 | W110: 997 | X110: 999 | Y110: 1001 | Z110: 1003 | AA110: 1005 | AB110: 1007 | AC110: 1009 | AD110: 1011 | AE110: 1013 | AF110: 1015 | AG110: 1017 | AH110: 1019 | AI110: 1021 | AJ110: 1023 | AK110: 1025 | AL110: 1027 | AM110: -0.000819
A111: CKI000:cdd_SouthAtlantc | B111: South Atlantic | C111: 2403 | D111: 2367 | E111: 2141 | F111: 2200 | G111: 2209 | H111: 2218 | I111: 2226 | J111: 2235 | K111: 2244 | L111: 2253 | M111: 2261 | N111: 2270 | O111: 2279 | P111: 2288 | Q111: 2297 | R111: 2305 | S111: 2314 | T111: 2323 | U111: 2332 | V111: 2341 | W111: 2350 | X111: 2359 | Y111: 2367 | Z111: 2376 | AA111: 2385 | AB111: 2394 | AC111: 2403 | AD111: 2411 | AE111: 2420 | AF111: 2429 | AG111: 2437 | AH111: 2446 | AI111: 2455 | AJ111: 2463 | AK111: 2472 | AL111: 2481 | AM111: 0.001384
A112: CKI000:cdd_EastSouthCen | B112: East South Central | C112: 1723 | D112: 1902 | E112: 1677 | F112: 1685 | G112: 1690 | H112: 1695 | I112: 1699 | J112: 1704 | K112: 1709 | L112: 1714 | M112: 1719 | N112: 1724 | O112: 1729 | P112: 1734 | Q112: 1738 | R112: 1743 | S112: 1748 | T112: 1753 | U112: 1758 | V112: 1763 | W112: 1768 | X112: 1772 | Y112: 1777 | Z112: 1782 | AA112: 1787 | AB112: 1792 | AC112: 1797 | AD112: 1802 | AE112: 1806 | AF112: 1811 | AG112: 1816 | AH112: 1821 | AI112: 1826 | AJ112: 1830 | AK112: 1835 | AL112: 1840 | AM112: -0.000974
A113: CKI000:cdd_WestSouthCen | B113: West South Central | C113: 2745 | D113: 2769 | E113: 2671 | F113: 2798 | G113: 2812 | H113: 2827 | I113: 2841 | J113: 2855 | K113: 2870 | L113: 2884 | M113: 2898 | N113: 2913 | O113: 2927 | P113: 2941 | Q113: 2955 | R113: 2970 | S113: 2984 | T113: 2998 | U113: 3013 | V113: 3027 | W113: 3041 | X113: 3056 | Y113: 3070 | Z113: 3084 | AA113: 3099 | AB113: 3113 | AC113: 3127 | AD113: 3142 | AE113: 3156 | AF113: 3170 | AG113: 3185 | AH113: 3199 | AI113: 3213 | AJ113: 3228 | AK113: 3242 | AL113: 3257 | AM113: 0.004786
A114: CKI000:cdd_Mountain | B114: Mountain | C114: 1480 | D114: 1477 | E114: 1523 | F114: 1523 | G114: 1532 | H114: 1540 | I114: 1550 | J114: 1559 | K114: 1568 | L114: 1577 | M114: 1587 | N114: 1596 | O114: 1606 | P114: 1615 | Q114: 1625 | R114: 1635 | S114: 1645 | T114: 1655 | U114: 1665 | V114: 1676 | W114: 1686 | X114: 1697 | Y114: 1707 | Z114: 1718 | AA114: 1728 | AB114: 1739 | AC114: 1749 | AD114: 1760 | AE114: 1771 | AF114: 1781 | AG114: 1792 | AH114: 1803 | AI114: 1813 | AJ114: 1824 | AK114: 1835 | AL114: 1845 | AM114: 0.006565
A115: CKI000:cdd_Pacific | B115: Pacific | C115: 1074 | D115: 926 | E115: 873 | F115: 965 | G115: 974 | H115: 983 | I115: 992 | J115: 1001 | K115: 1010 | L115: 1019 | M115: 1027 | N115: 1036 | O115: 1045 | P115: 1054 | Q115: 1063 | R115: 1071 | S115: 1080 | T115: 1089 | U115: 1098 | V115: 1106 | W115: 1115 | X115: 1124 | Y115: 1132 | Z115: 1141 | AA115: 1150 | AB115: 1158 | AC115: 1167 | AD115: 1176 | AE115: 1184 | AF115: 1193 | AG115: 1202 | AH115: 1210 | AI115: 1219 | AJ115: 1227 | AK115: 1236 | AL115: 1245 | AM115: 0.008744
A116: CKI000:cdd_UnitedStates | B116: United States | C116: 1489.0383 | D116: 1528.4769 | E116: 1403.3346 | F116: 1449.5399 | G116: 1459.5706 | H116: 1469.3419 | I116: 1479.024 | J116: 1488.8801 | K116: 1498.9965 | L116: 1508.8774 | M116: 1518.4663 | N116: 1528.4603 | O116: 1538.5168 | P116: 1548.4513 | Q116: 1558.5425 | R116: 1568.3479 | S116: 1578.3618 | T116: 1588.46 | U116: 1598.8296 | V116: 1608.8901 | W116: 1619.1774 | X116: 1629.4978 | Y116: 1639.3461 | Z116: 1649.6637 | AA116: 1660.0753 | AB116: 1670.4067 | AC116: 1680.7335 | AD116: 1691.2061 | AE116: 1701.4086 | AF116: 1711.8134 | AG116: 1722.2357 | AH116: 1732.5983 | AI116: 1743.1628 | AJ116: 1753.3918 | AK116: 1763.8275 | AL116: 1774.3461 | AM116: 0.004397
B118: 1/ Includes fuel consumption for district services.
B119: 2/ Includes (but is not limited to) miscellaneous uses such as transformers, medical imaging and other medical equipment, elevators,
...

Sheet Calculations
A1: Fraction of Commercial Floorspace that is New
B2: 2015 | C2: 2016 | D2: 2017 | E2: 2018 | F2: 2019 | G2: 2020 | H2: 2021 | I2: 2022 | J2: 2023 | K2: 2024 | L2: 2025 | M2: 2026 | N2: 2027 | O2: 2028 | P2: 2029 | Q2: 2030 | R2: 2031 | S2: 2032 | T2: 2033 | U2: 2034 | V2: 2035 | W2: 2036 | X2: 2037 | Y2: 2038 | Z2: 2039 | AA2: 2040 | AB2: 2041 | AC2: 2042 | AD2: 2043 | AE2: 2044 | AF2: 2045 | AG2: 2046 | AH2: 2047 | AI2: 2048 | AJ2: 2049 | AK2: 2050
A3: Commercial floorspace | B3: ='AEO T5'!C19/'AEO T5'!C20 | C3: ='AEO T5'!D19/'AEO T5'!D20 | D3: ='AEO T5'!E19/'AEO T5'!E20 | E3: ='AEO T5'!F19/'AEO T5'!F20 | F3: ='AEO T5'!G19/'AEO T5'!G20 | G3: ='AEO T5'!H19/'AEO T5'!H20 | H3: ='AEO T5'!I19/'AEO T5'!I20 | I3: ='AEO T5'!J19/'AEO T5'!J20 | ... AK3: ='AEO T5'!AL19/'AEO T5'!AL20
A5: Average | B5: =AVERAGE(B3:AK3)
A8: Fraction of Residential Homes that are New
A10: Housing evolution rates from EIA NEMS documentation:
B12: HDR value | C12: (Fraction of homes that survive each year)
A13: Single-family homes | B13: 0.997
A14: Multifamily homes | B14: 0.995
A15: Mobile homes | B15: 0.966
A17: Surviving homes
B18: 2015 | C18: 2016 | D18: 2017 | E18: 2018 | F18: 2019 | G18: 2020 | H18: 2021 | I18: 2022 | J18: 2023 | K18: 2024 | L18: 2025 | M18: 2026 | N18: 2027 | O18: 2028 | P18: 2029 | Q18: 2030 | R18: 2031 | S18: 2032 | T18: 2033 | U18: 2034 | V18: 2035 | W18: 2036 | X18: 2037 | Y18: 2038 | Z18: 2039 | AA18: 2040 | AB18: 2041 | AC18: 2042 | AD18: 2043 | AE18: 2044 | AF18: 2045 | AG18: 2046 | AH18: 2047 | AI18: 2048 | AJ18: 2049 | AK18: 2050
A19: Single-family homes | C19: ='AEO T4'!C17*$B13 | D19: ='AEO T4'!D17*$B13 | E19: ='AEO T4'!E17*$B13 | F19: ='AEO T4'!F17*$B13 | G19: ='AEO T4'!G17*$B13 | H19: ='AEO T4'!H17*$B13 | I19: ='AEO T4'!I17*$B13 | J19: ='AEO T4'!J17*$B13 | ... AK19: ='AEO T4'!AK17*$B13
A20: Multifamily homes | C20: ='AEO T4'!C18*$B14 | D20: ='AEO T4'!D18*$B14 | E20: ='AEO T4'!E18*$B14 | F20: ='AEO T4'!F18*$B14 | G20: ='AEO T4'!G18*$B14 | H20: ='AEO T4'!H18*$B14 | I20: ='AEO T4'!I18*$B14 | J20: ='AEO T4'!J18*$B14 | ... AK20: ='AEO T4'!AK18*$B14
A21: Mobile homes | C21: ='AEO T4'!C19*$B15 | D21: ='AEO T4'!D19*$B15 | E21: ='AEO T4'!E19*$B15 | F21: ='AEO T4'!F19*$B15 | G21: ='AEO T4'!G19*$B15 | H21: ='AEO T4'!H19*$B15 | I21: ='AEO T4'!I19*$B15 | J21: ='AEO T4'!J19*$B15 | ... AK21: ='AEO T4'!AK19*$B15
A23: Newly built homes
B24: 2015 | C24: 2016 | D24: 2017 | E24: 2018 | F24: 2019 | G24: 2020 | H24: 2021 | I24: 2022 | J24: 2023 | K24: 2024 | L24: 2025 | M24: 2026 | N24: 2027 | O24: 2028 | P24: 2029 | Q24: 2030 | R24: 2031 | S24: 2032 | T24: 2033 | U24: 2034 | V24: 2035 | W24: 2036 | X24: 2037 | Y24: 2038 | Z24: 2039 | AA24: 2040 | AB24: 2041 | AC24: 2042 | AD24: 2043 | AE24: 2044 | AF24: 2045 | AG24: 2046 | AH24: 2047 | AI24: 2048 | AJ24: 2049 | AK24: 2050
A25: Single-family homes | C25: ='AEO T4'!D17-C19 | D25: ='AEO T4'!E17-D19 | E25: ='AEO T4'!F17-E19 | F25: ='AEO T4'!G17-F19 | G25: ='AEO T4'!H17-G19 | H25: ='AEO T4'!I17-H19 | I25: ='AEO T4'!J17-I19 | J25: ='AEO T4'!K17-J19 | ... AK25: ='AEO T4'!AL17-AK19
A26: Multifamily homes | C26: ='AEO T4'!D18-C20 | D26: ='AEO T4'!E18-D20 | E26: ='AEO T4'!F18-E20 | F26: ='AEO T4'!G18-F20 | G26: ='AEO T4'!H18-G20 | H26: ='AEO T4'!I18-H20 | I26: ='AEO T4'!J18-I20 | J26: ='AEO T4'!K18-J20 | ... AK26: ='AEO T4'!AL18-AK20
A27: Mobile homes | C27: ='AEO T4'!D19-C21 | D27: ='AEO T4'!E19-D21 | E27: ='AEO T4'!F19-E21 | F27: ='AEO T4'!G19-F21 | G27: ='AEO T4'!H19-G21 | H27: ='AEO T4'!I19-H21 | I27: ='AEO T4'!J19-I21 | J27: ='AEO T4'!K19-J21 | ... AK27: ='AEO T4'!AL19-AK21
A29: Fraction of homes that are new
B30: 2015 | C30: 2016 | D30: 2017 | E30: 2018 | F30: 2019 | G30: 2020 | H30: 2021 | I30: 2022 | J30: 2023 | K30: 2024 | L30: 2025 | M30: 2026 | N30: 2027 | O30: 2028 | P30: 2029 | Q30: 2030 | R30: 2031 | S30: 2032 | T30: 2033 | U30: 2034 | V30: 2035 | W30: 2036 | X30: 2037 | Y30: 2038 | Z30: 2039 | AA30: 2040 | AB30: 2041 | AC30: 2042 | AD30: 2043 | AE30: 2044 | AF30: 2045 | AG30: 2046 | AH30: 2047 | AI30: 2048 | AJ30: 2049 | AK30: 2050
A31: Single-family homes | C31: =C25/C19 | D31: =D25/D19 | E31: =E25/E19 | F31: =F25/F19 | G31: =G25/G19 | H31: =H25/H19 | I31: =I25/I19 | J31: =J25/J19 | ... AK31: =AK25/AK19
A32: Multifamily homes | C32: =C26/C20 | D32: =D26/D20 | E32: =E26/E20 | F32: =F26/F20 | G32: =G26/G20 | H32: =H26/H20 | I32: =I26/I20 | J32: =J26/J20 | ... AK32: =AK26/AK20
A33: Mobile homes | C33: =C27/C21 | D33: =D27/D21 | E33: =E27/E21 | F33: =F27/F21 | G33: =G27/G21 | H33: =H27/H21 | I33: =I27/I21 | J33: =J27/J21 | ... AK33: =AK27/AK21
A35: Average fraction of homes that are new by home type
A36: Single-family homes | B36: =AVERAGE(C31:AK31)
A37: Multifamily homes | B37: =AVERAGE(C32:AK32)
A38: Mobile homes | B38: =AVERAGE(C33:AK33)
A40: Weighted average fraction of homes that are new
A41: All homes | B41: =SUMPRODUCT(B36:B38,'AEO T4'!D17:D19)/SUM('AEO T4'!D17:D19)
A44: Share of Components That is New This Year
A46: The share of new components is the share of old components that are replaced in surviving
A47: buildings, plus the share of components in new buildings (which equals the share of new
A48: buildings, because all components in new buildings are new components).
A50: Share of Buildings that are Surviving
A51: Commercial | B51: =1-B5
A52: Residential | B52: =1-B41
A54: Replacement rate of components in surviving buildings
A55: heating | B55: =1/'Component Lifetimes'!B2
A56: cooling and ventilation | B56: =1/'Component Lifetimes'!B3
A57: lighting | B57: =1/'Component Lifetimes'!B5
A58: appliances | B58: =1/'Component Lifetimes'!B6
A59: other component | B59: =1/'Component Lifetimes'!B7
A61: Replacement rate of all components
B62: Commercial | C62: Residential
A63: heating | B63: =($B55*$B$51)+B$5 | C63: =($B55*$B$52)+B$41
A64: cooling and ventilation | B64: =($B56*$B$51)+B$5 | C64: =($B56*$B$52)+B$41
A65: lighting | B65: =($B57*$B$51)+B$5 | C65: =($B57*$B$52)+B$41
A66: appliances | B66: =($B58*$B$51)+B$5 | C66: =($B58*$B$52)+B$41
A67: other component | B67: =($B59*$B$51)+B$5 | C67: =($B59*$B$52)+B$41

Sheet Pre-Calibration Calculated Vals
B1: urban residential | C1: rural residential | D1: commercial
A2: heating | B2: =Calculations!C63 | C2: =B2 | D2: =Calculations!B63
A3: cooling and ventilation | B3: =Calculations!C64 | C3: =B3 | D3: =Calculations!B64
A4: envelope | B4: 0 | C4: 0 | D4: 0
A5: lighting | B5: =Calculations!C65 | C5: =B5 | D5: =Calculations!B65
A6: appliances | B6: =Calculations!C66 | C6: =B6 | D6: =Calculations!B66
A7: other component | B7: =Calculations!C67 | C7: =B7 | D7: =Calculations!B67
A10: For states
B11: Lifetime (yr) | C11: urban residential | D11: rural residential | E11: commercial
A12: heating | B12: 19 | C12: 0.052631579 | D12: 0.052631579 | E12: 0.052631579
A13: cooling and ventilation | B13: 15.833333 | C13: 0.0625 | D13: 0.0625 | E13: 0.0625
A14: envelope | B14: 51.818182 | C14: 0 | D14: 0 | E14: 0
A15: lighting | B15: 9.1324201 | C15: 0.11111111 | D15: 0.11111111 | E15: 0.11111111
A16: appliances | B16: 13.533333 | C16: 0.071428571 | D16: 0.071428571 | E16: 0.071428571
A17: other component | B17: 15.4 | C17: 0.066666667 | D17: 0.066666667 | E17: 0.066666667

Sheet SoCEUtiNTY
A1: Share of New Components Energy Use (dimensionless) | B1: urban residential | C1: rural residential | D1: commercial
A2: heating | B2: 0.0528909 | C2: 0.0528908 | D2: 0.0524449
A3: cooling and ventilation | B3: 0.0628078 | C3: 0.0628079 | D3: 0.0622779
A4: envelope | B4: 0 | C4: 0 | D4: 0
A5: lighting | B5: 0.111658 | C5: 0.111658 | D5: 0.110716
A6: appliances | B6: 0.0717803 | C6: 0.0717802 | D6: 0.0711749
A7: other component | B7: 0.0669948 | C7: 0.0669949 | D7: 0.0664296
